IATA,Name,City,Tz_database_timezone
PPG,Pago Pago International Airport,Pago Pago,Pacific/Pago_Pago
ROP,Rota International Airport,Rota,Pacific/Saipan
SPN,Saipan International Airport,Saipan,Pacific/Saipan
GUM,Antonio B. Won Pat International Airport,Agana,Pacific/Guam
STT,Cyril E. King Airport,St. Thomas,America/St_Thomas
STX,Henry E Rohlsen Airport,St. Croix Island,America/St_Thomas
BQN,Rafael Hernandez Airport,Aguadilla,America/Puerto_Rico
PSE,Mercedita Airport,Ponce,America/Puerto_Rico
SJU,Luis Munoz Marin International Airport,San Juan,America/Puerto_Rico
ITO,Hilo International Airport,Hilo,Pacific/Honolulu
FSM,Fort Smith Regional Airport,Fort Smith,America/Chicago
GFK,Grand Forks International Airport,Grand Forks,America/Chicago
PRC,Ernest A. Love Field,Prescott,America/Phoenix
TTN,Trenton Mercer Airport,Trenton,America/New_York
BOS,General Edward Lawrence Logan International Airport,Boston,America/New_York
BFM,Mobile Downtown Airport,Mobile,America/Chicago
OAK,Metropolitan Oakland International Airport,Oakland,America/Los_Angeles
OMA,Eppley Airfield,Omaha,America/Chicago
OGG,Kahului Airport,Kahului,Pacific/Honolulu
ICT,Wichita Eisenhower National Airport,Wichita,America/Chicago
MCI,Kansas City International Airport,Kansas City,America/Chicago
MSN,Dane County Regional Truax Field,Madison,America/Chicago
DLG,Dillingham Airport,Dillingham,America/Anchorage
PHX,Phoenix Sky Harbor International Airport,Phoenix,America/Phoenix
BGR,Bangor International Airport,Bangor,America/New_York
GGG,East Texas Regional Airport,Longview,America/Chicago
GEG,Spokane International Airport,Spokane,America/Los_Angeles
SFO,San Francisco International Airport,San Francisco,America/Los_Angeles
GNV,Gainesville Regional Airport,Gainesville,America/New_York
MEM,Memphis International Airport,Memphis,America/Chicago
LAX,Los Angeles International Airport,Los Angeles,America/Los_Angeles
CLE,Cleveland Hopkins International Airport,Cleveland,America/New_York
CVG,Cincinnati Northern Kentucky International Airport,Cincinnati,America/New_York
JNU,Juneau International Airport,Juneau,America/Anchorage
LFT,Lafayette Regional Airport,Lafayette,America/Chicago
EWR,Newark Liberty International Airport,Newark,America/New_York
BOI,Boise Air Terminal/Gowen Field,Boise,America/Denver
GCK,Garden City Regional Airport,Garden City,America/Chicago
MOT,Minot International Airport,Minot,America/Chicago
DAL,Dallas Love Field,Dallas,America/Chicago
HLN,Helena Regional Airport,Helena,America/Denver
LCH,Lake Charles Regional Airport,Lake Charles,America/Chicago
KOA,Ellison Onizuka Kona International At Keahole Airport,Kona,Pacific/Honolulu
MYR,Myrtle Beach International Airport,Myrtle Beach,America/New_York
ACK,Nantucket Memorial Airport,Nantucket,America/New_York
DCA,Ronald Reagan Washington National Airport,Washington,America/New_York
ACY,Atlantic City International Airport,Atlantic City,America/New_York
PUB,Pueblo Memorial Airport,Pueblo,America/Denver
PQI,Northern Maine Regional Airport at Presque Isle,Presque Isle,America/New_York
ADQ,Kodiak Airport,Kodiak,America/Anchorage
FLL,Fort Lauderdale Hollywood International Airport,Fort Lauderdale,America/New_York
INL,Falls International Airport,International Falls,America/Chicago
SLC,Salt Lake City International Airport,Salt Lake City,America/Denver
MDT,Harrisburg International Airport,Harrisburg,America/New_York
LNK,Lincoln Airport,Lincoln,America/Chicago
LAN,Capital City Airport,Lansing,America/New_York
IAH,George Bush Intercontinental Houston Airport,Houston,America/Chicago
BFL,Meadows Field,Bakersfield,America/Los_Angeles
ELP,El Paso International Airport,El Paso,America/Denver
HRL,Valley International Airport,Harlingen,America/Chicago
CAE,Columbia Metropolitan Airport,Columbia,America/New_York
PNS,Pensacola Regional Airport,Pensacola,America/Chicago
HOU,William P Hobby Airport,Houston,America/Chicago
PIT,Pittsburgh International Airport,Pittsburgh,America/New_York
BRW,Wiley Post Will Rogers Memorial Airport,Barrow,America/Anchorage
MIA,Miami International Airport,Miami,America/New_York
SEA,Seattle Tacoma International Airport,Seattle,America/Los_Angeles
CHA,Lovell Field,Chattanooga,America/New_York
JAN,Jackson-Medgar Wiley Evers International Airport,Jackson,America/Chicago
LGB,Long Beach /Daugherty Field/ Airport,Long Beach,America/Los_Angeles
IPT,Williamsport Regional Airport,Williamsport,America/New_York
IND,Indianapolis International Airport,Indianapolis,America/New_York
HPN,Westchester County Airport,White Plains,America/New_York
YUM,Yuma MCAS/Yuma International Airport,Yuma,America/Phoenix
DLH,Duluth International Airport,Duluth,America/Chicago
BET,Bethel Airport,Bethel,America/Anchorage
LIH,Lihue Airport,Lihue,Pacific/Honolulu
RIC,Richmond International Airport,Richmond,America/New_York
SHV,Shreveport Regional Airport,Shreveport,America/Chicago
CDV,Merle K (Mudhole) Smith Airport,Cordova,America/Anchorage
ORF,Norfolk International Airport,Norfolk,America/New_York
BPT,Southeast Texas Regional Airport,Beaumont,America/Chicago
SAV,Savannah Hilton Head International Airport,Savannah,America/New_York
OME,Nome Airport,Nome,America/Anchorage
PIE,St Petersburg Clearwater International Airport,St. Petersburg,America/New_York
SCC,Deadhorse Airport,Deadhorse,America/Anchorage
SAT,San Antonio International Airport,San Antonio,America/Chicago
ROC,Greater Rochester International Airport,Rochester,America/New_York
RDU,Raleigh Durham International Airport,Raleigh-durham,America/New_York
DAY,James M Cox Dayton International Airport,Dayton,America/New_York
IAG,Niagara Falls International Airport,Niagara Falls,America/New_York
PHF,Newport News Williamsburg International Airport,Newport News,America/New_York
TUS,Tucson International Airport,Tucson,America/Phoenix
PVD,Theodore Francis Green State Airport,Providence,America/New_York
SBY,Salisbury Ocean City Wicomico Regional Airport,Salisbury,America/New_York
BUR,Bob Hope Airport,Burbank,America/Los_Angeles
DTW,Detroit Metropolitan Wayne County Airport,Detroit,America/New_York
TPA,Tampa International Airport,Tampa,America/New_York
HIB,Range Regional Airport,Hibbing,America/Chicago
MAF,Midland International Airport,Midland,America/Chicago
GRB,Austin Straubel International Airport,Green Bay,America/Chicago
AGS,Augusta Regional At Bush Field,Bush Field,America/New_York
ISN,Sloulin Field International Airport,Williston,America/Chicago
LIT,Bill & Hillary Clinton National Airport/Adams Field,Little Rock,America/Chicago
SWF,Stewart International Airport,Newburgh,America/New_York
TBN,Waynesville-St. Robert Regional Forney field,Fort Leonardwood,America/Chicago
DFW,Dallas Fort Worth International Airport,Dallas-Fort Worth,America/Chicago
MLB,Melbourne International Airport,Melbourne,America/New_York
AUS,Austin Bergstrom International Airport,Austin,America/Chicago
LCK,Rickenbacker International Airport,Columbus,America/New_York
MQT,Sawyer International Airport,Gwinn,America/New_York
TYS,McGhee Tyson Airport,Knoxville,America/New_York
STL,St Louis Lambert International Airport,St. Louis,America/Chicago
SPS,Sheppard Air Force Base-Wichita Falls Municipal Airport,Wichita Falls,America/Chicago
ATL,Hartsfield Jackson Atlanta International Airport,Atlanta,America/New_York
GRR,Gerald R. Ford International Airport,Grand Rapids,America/New_York
FAT,Fresno Yosemite International Airport,Fresno,America/Los_Angeles
BNA,Nashville International Airport,Nashville,America/Chicago
LRD,Laredo International Airport,Laredo,America/Chicago
OTZ,Ralph Wien Memorial Airport,Kotzebue,America/Anchorage
LGA,La Guardia Airport,New York,America/New_York
TLH,Tallahassee Regional Airport,Tallahassee,America/New_York
ACT,Waco Regional Airport,Waco,America/Chicago
MKK,Molokai Airport,Molokai,Pacific/Honolulu
SJT,San Angelo Regional Mathis Field,San Angelo,America/Chicago
BTV,Burlington International Airport,Burlington,America/New_York
JAX,Jacksonville International Airport,Jacksonville,America/New_York
DRO,Durango La Plata County Airport,Durango,America/Denver
IAD,Washington Dulles International Airport,Washington,America/New_York
CLL,Easterwood Field,College Station,America/Chicago
MKE,General Mitchell International Airport,Milwaukee,America/Chicago
ABI,Abilene Regional Airport,Abilene,America/Chicago
COU,Columbia Regional Airport,Columbia,America/Chicago
PDX,Portland International Airport,Portland,America/Los_Angeles
PBI,Palm Beach International Airport,West Palm Beach,America/New_York
OGS,Ogdensburg International Airport,Ogdensburg,America/New_York
HNL,Daniel K Inouye International Airport,Honolulu,Pacific/Honolulu
DSM,Des Moines International Airport,Des Moines,America/Chicago
EWN,Coastal Carolina Regional Airport,New Bern,America/New_York
SAN,San Diego International Airport,San Diego,America/Los_Angeles
MLU,Monroe Regional Airport,Monroe,America/Chicago
ONT,Ontario International Airport,Ontario,America/Los_Angeles
ROW,Roswell International Air Center Airport,Roswell,America/Denver
BRO,Brownsville South Padre Island International Airport,Brownsville,America/Chicago
DHN,Dothan Regional Airport,Dothan,America/Chicago
CRP,Corpus Christi International Airport,Corpus Christi,America/Chicago
SYR,Syracuse Hancock International Airport,Syracuse,America/New_York
MDW,Chicago Midway International Airport,Chicago,America/Chicago
SJC,Norman Y. Mineta San Jose International Airport,San Jose,America/Los_Angeles
HOB,Lea County Regional Airport,Hobbs,America/Denver
DEN,Denver International Airport,Denver,America/Denver
PHL,Philadelphia International Airport,Philadelphia,America/New_York
SUX,Sioux Gateway Col. Bud Day Field,Sioux City,America/Chicago
CMH,John Glenn Columbus International Airport,Columbus,America/New_York
TXK,Texarkana Regional Webb Field,Texarkana,America/Chicago
PBG,Plattsburgh International Airport,Plattsburgh,America/New_York
ANC,Ted Stevens Anchorage International Airport,Anchorage,America/Anchorage
GRK,Robert Gray  Army Air Field Airport,Killeen,America/Chicago
BLI,Bellingham International Airport,Bellingham,America/Los_Angeles
MOB,Mobile Regional Airport,Mobile,America/Chicago
SAF,Santa Fe Municipal Airport,Santa Fe,America/Denver
BLV,Scott AFB/Midamerica Airport,Belleville,America/Chicago
DRT,Del Rio International Airport,Del Rio,America/Chicago
RSW,Southwest Florida International Airport,Fort Myers,America/New_York
AKN,King Salmon Airport,King Salmon,America/Anchorage
JHM,Kapalua Airport,Lahania-kapalua,Pacific/Honolulu
JFK,John F Kennedy International Airport,New York,America/New_York
CYS,Cheyenne Regional Jerry Olson Field,Cheyenne,America/Denver
SCK,Stockton Metropolitan Airport,Stockton,America/Los_Angeles
CHS,Charleston Air Force Base-International Airport,Charleston,America/New_York
RNO,Reno Tahoe International Airport,Reno,America/Los_Angeles
KTN,Ketchikan International Airport,Ketchikan,America/Anchorage
BHM,Birmingham-Shuttlesworth International Airport,Birmingham,America/Chicago
SMF,Sacramento International Airport,Sacramento,America/Los_Angeles
COS,City of Colorado Springs Municipal Airport,Colorado Springs,America/Denver
BUF,Buffalo Niagara International Airport,Buffalo,America/New_York
PAE,Snohomish County (Paine Field) Airport,Everett,America/Los_Angeles
CDC,Cedar City Regional Airport,Cedar City,America/Denver
BDL,Bradley International Airport,Windsor Locks,America/New_York
MFE,Mc Allen Miller International Airport,Mcallen,America/Chicago
LBB,Lubbock Preston Smith International Airport,Lubbock,America/Chicago
ORD,Chicago O'Hare International Airport,Chicago,America/Chicago
FAI,Fairbanks International Airport,Fairbanks,America/Anchorage
ART,Watertown International Airport,Watertown,America/New_York
PSP,Palm Springs International Airport,Palm Springs,America/Los_Angeles
AMA,Rick Husband Amarillo International Airport,Amarillo,America/Chicago
FOD,Fort Dodge Regional Airport,Fort Dodge,America/Chicago
ILM,Wilmington International Airport,Wilmington,America/New_York
BTR,Baton Rouge Metropolitan Airport,Baton Rouge,America/Chicago
TYR,Tyler Pounds Regional Airport,Tyler,America/Chicago
BWI,Baltimore/Washington International Thurgood Marshall Airport,Baltimore,America/New_York
LNY,Lanai Airport,Lanai,Pacific/Honolulu
AEX,Alexandria International Airport,Alexandria,America/Chicago
CDB,Cold Bay Airport,Cold Bay,America/Anchorage
TUL,Tulsa International Airport,Tulsa,America/Chicago
SIT,Sitka Rocky Gutierrez Airport,Sitka,America/Anchorage
ISP,Long Island Mac Arthur Airport,Islip,America/New_York
MSP,Minneapolis-St Paul International/Wold-Chamberlain Airport,Minneapolis,America/Chicago
ILG,New Castle Airport,Wilmington,America/New_York
DUT,Unalaska Airport,Unalaska,America/Anchorage
MSY,Louis Armstrong New Orleans International Airport,New Orleans,America/Chicago
PWM,Portland International Jetport Airport,Portland,America/New_York
OKC,Will Rogers World Airport,Oklahoma City,America/Chicago
ALB,Albany International Airport,Albany,America/New_York
SNA,John Wayne Airport-Orange County Airport,Santa Ana,America/Los_Angeles
CPR,Casper-Natrona County International Airport,Casper,America/Denver
VPS,Destin-Ft Walton Beach Airport,Valparaiso,America/Chicago
EYW,Key West International Airport,Key West,America/New_York
CLT,Charlotte Douglas International Airport,Charlotte,America/New_York
LAS,McCarran International Airport,Las Vegas,America/Los_Angeles
MCO,Orlando International Airport,Orlando,America/New_York
FLO,Florence Regional Airport,Florence,America/New_York
GTF,Great Falls International Airport,Great Falls,America/Denver
YNG,Youngstown Warren Regional Airport,Youngstown,America/New_York
PUW,Pullman Moscow Regional Airport,Pullman,America/Los_Angeles
LWS,Lewiston Nez Perce County Airport,Lewiston,America/Los_Angeles
ELM,Elmira Corning Regional Airport,Elmira,America/New_York
ITH,Ithaca Tompkins Regional Airport,Ithaca,America/New_York
MRY,Monterey Peninsula Airport,Monterey,America/Los_Angeles
SBA,Santa Barbara Municipal Airport,Santa Barbara,America/Los_Angeles
DAB,Daytona Beach International Airport,Daytona Beach,America/New_York
HVN,Tweed New Haven Airport,New Haven,America/New_York
AVL,Asheville Regional Airport,Asheville,America/New_York
GSO,Piedmont Triad International Airport,Greensboro,America/New_York
FSD,Joe Foss Field Airport,Sioux Falls,America/Chicago
MHT,Manchester-Boston Regional Airport,Manchester NH,America/New_York
SDF,Louisville International Standiford Field,Louisville,America/New_York
CHO,Charlottesville Albemarle Airport,Charlottesville VA,America/New_York
ROA,RoanokeâBlacksburg Regional Airport,Roanoke VA,America/New_York
LEX,Blue Grass Airport,Lexington KY,America/New_York
EVV,Evansville Regional Airport,Evansville,America/Chicago
ABQ,Albuquerque International Sunport,Albuquerque,America/Denver
BZN,Gallatin Field,Bozeman,America/Denver
BIL,Billings Logan International Airport,Billings,America/Denver
BTM,Bert Mooney Airport,Butte,America/Denver
TVC,Cherry Capital Airport,Traverse City,America/New_York
JAC,Jackson Hole Airport,Jacksn Hole,America/Denver
RFD,Chicago Rockford International Airport,Rockford,America/Chicago
GSP,Greenville Spartanburg International Airport,Greenville,America/New_York
BMI,Central Illinois Regional Airport at Bloomington-Normal,Bloomington,America/Chicago
GPT,Gulfport Biloxi International Airport,Gulfport,America/Chicago
AZO,Kalamazoo Battle Creek International Airport,Kalamazoo,America/New_York
TOL,Toledo Express Airport,Toledo,America/New_York
FWA,Fort Wayne International Airport,Fort Wayne,America/New_York
DEC,Decatur Airport,Decatur,America/Chicago
CID,The Eastern Iowa Airport,Cedar Rapids,America/Chicago
LSE,La Crosse Municipal Airport,La Crosse,America/Chicago
CWA,Central Wisconsin Airport,Wassau,America/Chicago
PIA,General Wayne A. Downing Peoria International Airport,Peoria,America/Chicago
ATW,Appleton International Airport,Appleton,America/Chicago
RST,Rochester International Airport,Rochester,America/Chicago
CMI,University of Illinois Willard Airport,Champaign,America/Chicago
MHK,Manhattan Regional Airport,Manhattan,America/Chicago
GJT,Grand Junction Regional Airport,Grand Junction,America/Denver
SGU,St George Municipal Airport,Saint George,America/Denver
SRQ,Sarasota Bradenton International Airport,Sarasota,America/New_York
MLI,Quad City International Airport,Moline,America/Chicago
BIS,Bismarck Municipal Airport,Bismarck,America/Chicago
RAP,Rapid City Regional Airport,Rapid City,America/Denver
FNT,Bishop International Airport,Flint,America/New_York
RDD,Redding Municipal Airport,Redding,America/Los_Angeles
EUG,Mahlon Sweet Field,Eugene,America/Los_Angeles
IDA,Idaho Falls Regional Airport,Idaho Falls,America/Denver
MFR,Rogue Valley International Medford Airport,Medford,America/Los_Angeles
RDM,Roberts Field,Redmond-Bend,America/Los_Angeles
CAK,Akron Canton Regional Airport,Akron,America/New_York
HSV,Huntsville International Carl T Jones Field,Huntsville,America/Chicago
MGM,Montgomery Regional (Dannelly Field) Airport,MONTGOMERY,America/Chicago
TRI,Tri-Cities Regional TN/VA Airport,BRISTOL,America/New_York
PAH,Barkley Regional Airport,PADUCAH,America/Chicago
FCA,Glacier Park International Airport,Kalispell,America/Denver
MBS,MBS International Airport,Saginaw,America/New_York
BGM,Greater Binghamton/Edwin A Link field,Binghamton,America/New_York
PSG,Petersburg James A Johnson Airport,Petersburg,America/Anchorage
SFB,Orlando Sanford International Airport,Sanford,America/New_York
JST,John Murtha Johnstown Cambria County Airport,Johnstown,America/New_York
MSO,Missoula International Airport,Missoula,America/Denver
EGE,Eagle County Regional Airport,Vail,America/Denver
CSG,Columbus Metropolitan Airport,Columbus,America/New_York
LAW,Lawton Fort Sill Regional Airport,Lawton,America/Chicago
FLG,Flagstaff Pulliam Airport,Flagstaff,America/Phoenix
TWF,Joslin Field Magic Valley Regional Airport,Twin Falls,America/Denver
MVY,Martha's Vineyard Airport,Vineyard Haven MA,America/New_York
STC,St Cloud Regional Airport,Saint Cloud,America/Chicago
GTR,Golden Triangle Regional Airport,Columbus Mississippi,America/Chicago
ERI,Erie International Tom Ridge Field,Erie,America/New_York
HYA,Barnstable Municipal Boardman Polando Field,Barnstable,America/New_York
CRW,Yeager Airport,Charleston,America/New_York
AVP,Wilkes Barre Scranton International Airport,Scranton,America/New_York
BJI,Bemidji Regional Airport,Bemidji,America/Chicago
FAR,Hector International Airport,Fargo,America/Chicago
GCC,Gillette Campbell County Airport,Gillette,America/Denver
SCE,University Park Airport,State College Pennsylvania,America/New_York
MEI,Key Field,Meridian,America/Chicago
SPI,Abraham Lincoln Capital Airport,Springfield,America/Chicago
HDN,Yampa Valley Airport,Hayden,America/Denver
LBL,Liberal Mid-America Regional Airport,Liberal,America/Chicago
COD,Yellowstone Regional Airport,Cody,America/Denver
SGF,Springfield Branson National Airport,Springfield,America/Chicago
JLN,Joplin Regional Airport,Joplin,America/Chicago
ABE,Lehigh Valley International Airport,Allentown,America/New_York
XNA,Northwest Arkansas Regional Airport,Bentonville,America/Chicago
SBN,South Bend Regional Airport,South Bend,America/New_York
ACV,California Redwood Coast-Humboldt County Airport,Arcata CA,America/Los_Angeles
OAJ,Albert J Ellis Airport,Jacksonville NC,America/New_York
DBQ,Dubuque Regional Airport,Dubuque IA,America/Chicago
ABR,Aberdeen Regional Airport,Aberdeen,America/Chicago
ABY,Southwest Georgia Regional Airport,Albany,America/New_York
ALO,Waterloo Regional Airport,Waterloo,America/Chicago
ALW,Walla Walla Regional Airport,Walla Walla,America/Los_Angeles
APN,Alpena County Regional Airport,Alpena,America/New_York
ATY,Watertown Regional Airport,Watertown,America/Chicago
BFF,Western Neb. Rgnl/William B. Heilig Airport,Scottsbluff,America/Denver
BQK,Brunswick Golden Isles Airport,Brunswick,America/New_York
CGI,Cape Girardeau Regional Airport,Cape Girardeau,America/Chicago
CIU,Chippewa County International Airport,Sault Ste Marie,America/New_York
CKB,North Central West Virginia Airport,Clarksburg,America/New_York
CMX,Houghton County Memorial Airport,Hancock,America/New_York
DDC,Dodge City Regional Airport,Dodge City,America/Chicago
EAU,Chippewa Valley Regional Airport,Eau Claire,America/Chicago
EKO,Elko Regional Airport,Elko,America/Los_Angeles
FAY,Fayetteville Regional Grannis Field,Fayetteville,America/New_York
GRI,Central Nebraska Regional Airport,Grand Island,America/Chicago
HTS,Tri-State/Milton J. Ferguson Field,Huntington,America/New_York
JMS,Jamestown Regional Airport,Jamestown,America/Chicago
LAR,Laramie Regional Airport,Laramie,America/Denver
LBE,Arnold Palmer Regional Airport,Latrobe,America/New_York
LBF,North Platte Regional Airport Lee Bird Field,North Platte,America/Chicago
LYH,Lynchburg Regional Preston Glenn Field,Lynchburg,America/New_York
MKG,Muskegon County Airport,Muskegon,America/New_York
OTH,Southwest Oregon Regional Airport,North Bend,America/Los_Angeles
OWB,Owensboro Daviess County Airport,Owensboro,America/Chicago
PIB,Hattiesburg Laurel Regional Airport,Hattiesburg/Laurel,America/Chicago
PIH,Pocatello Regional Airport,Pocatello,America/Denver
PIR,Pierre Regional Airport,Pierre,America/Chicago
PLN,Pellston Regional Airport of Emmet County Airport,Pellston,America/New_York
PSM,Portsmouth International at Pease Airport,Portsmouth,America/New_York
RHI,Rhinelander Oneida County Airport,Rhinelander,America/Chicago
RKS,Southwest Wyoming Regional Airport,Rock Springs,America/Denver
SBP,San Luis County Regional Airport,San Luis Obispo,America/Los_Angeles
SHR,Sheridan County Airport,Sheridan,America/Denver
SLN,Salina Municipal Airport,Salina,America/Chicago
SMX,Santa Maria Pub/Capt G Allan Hancock Field,Santa Maria,America/Los_Angeles
UIN,Quincy Regional Baldwin Field,Quincy,America/Chicago
VCT,Victoria Regional Airport,Victoria,America/Chicago
VLD,Valdosta Regional Airport,Valdosta,America/New_York
YKM,Yakima Air Terminal McAllister Field,Yakima,America/Los_Angeles
ADK,Adak Airport,Adak Island,America/Adak
GST,Gustavus Airport,Gustavus,America/Anchorage
WRG,Wrangell Airport,Wrangell,America/Anchorage
PSC,Tri Cities Airport,Pasco,America/Los_Angeles
ORH,Worcester Regional Airport,Worcester,America/New_York
USA,Concord-Padgett Regional Airport,Concord,America/New_York
SUN,Friedman Memorial Airport,Hailey,America/Denver
MCW,Mason City Municipal Airport,Mason City,America/Chicago
AZA,Phoenix-Mesa-Gateway Airport,Mesa,America/Phoenix
HGR,Hagerstown Regional Richard A Henson Field,Hagerstown,America/New_York
ESC,Delta County Airport,Escanaba,America/New_York
YAK,Yakutat Airport,Yakutat,America/Anchorage
IMT,Ford Airport,Iron Mountain,America/Chicago
MTJ,Montrose Regional Airport,Montrose CO,America/Denver
RIW,Riverton Regional Airport,Riverton WY,America/Denver
EAT,Pangborn Memorial Airport,Wenatchee,America/Los_Angeles
BRD,Brainerd Lakes Regional Airport,Brainerd,America/Chicago
LWB,Greenbrier Valley Airport,Lewisburg,America/New_York
PGV,Pitt Greenville Airport,Greenville,America/New_York
BKG,Branson Airport,Branson,America/Chicago
STS,Charles M. Schulz Sonoma County Airport,Santa Rosa,America/Los_Angeles
ASE,Aspen-Pitkin Co/Sardy Field,Aspen,America/Denver
HYS,Hays Regional Airport,Hays,America/Chicago
GUC,Gunnison Crested Butte Regional Airport,Gunnison,America/Denver
PGD,Charlotte County Airport,Punta Gorda,America/New_York
SHD,Shenandoah Valley Regional Airport,Weyers Cave,America/New_York
DVL,Devils Lake Regional Airport,Devils Lake,America/Chicago
DIK,Dickinson Theodore Roosevelt Regional Airport,Dickinson,America/Denver
WYS,Yellowstone Airport,West Yellowstone,America/Denver
ALS,San Luis Valley Regional Bergman Field,Alamosa,America/Denver
CNY,Canyonlands Field,Moab,America/Denver
VEL,Vernal Regional Airport,Vernal,America/Denver
MMH,Mammoth Yosemite Airport,Mammoth Lakes,America/Los_Angeles
PVU,Provo Municipal Airport,Provo,America/Denver
ECP,Northwest Florida Beaches International Airport,Panama City,America/Chicago
HHH,Hilton Head Airport,Hilton Head Island,America/New_York
OGD,Ogden Hinckley Airport,Ogden,America/Denver
SWO,Stillwater Regional Airport,Stillwater,America/Chicago
BIH,Eastern Sierra Regional Airport,Bishop,America/Los_Angeles
