Airport,Count,Latitude,Longitude,Altitude,daylight_saving_offset,standard_offset,Tz database timezone,Country,City,Station_ID,Distance_km,2018_MB,2019_MB,2020_MB,2021_MB,2022_MB,2023_MB,2024_MB
EWR,1790873,40.69250107,-74.16870117,18,-4,-5,America/New_York,United States,Newark,USW00014734,1.0781081328477824,9.0,8.0,8.0,8.0,8.0,8.0,4.0
PVD,213177,41.732601,-71.420403,55,-4,-5,America/New_York,United States,Providence,USW00014765,1.507221322195467,9.0,9.0,9.0,9.0,9.0,9.0,4.0
ORD,4206712,41.9786,-87.9048,672,-5,-6,America/Chicago,United States,Chicago,USW00094846,3.0171801075158857,9.0,9.0,8.0,8.0,8.0,8.0,5.0
LFT,61246,30.20529938,-91.98760223,42,-5,-6,America/Chicago,United States,Lafayette,USW00013976,0.7625735043652453,8.0,8.0,8.0,8.0,7.0,7.0,3.0
IAH,2064868,29.9843998,-95.34140015,97,-5,-6,America/Chicago,United States,Houston,USW00012960,1.8721120569255842,8.0,8.0,8.0,8.0,7.0,7.0,4.0
GPT,53731,30.40730095,-89.07009888,28,-5,-6,America/Chicago,United States,Gulfport,USW00093874,1.1628618851660062,8.0,7.0,8.0,8.0,7.0,7.0,3.0
TUL,218452,36.19839859,-95.88809967,677,-5,-6,America/Chicago,United States,Tulsa,USW00013968,0.8816381248242163,9.0,9.0,8.0,8.0,8.0,8.0,4.0
GSP,196172,34.89569855,-82.21890259,964,-4,-5,America/New_York,United States,Greenville,USW00003870,1.3774072459397708,10.0,10.0,10.0,10.0,10.0,10.0,5.0
MOB,71641,30.69120026,-88.24279785,219,-5,-6,America/Chicago,United States,Mobile,USW00013894,1.335409762667144,10.0,10.0,10.0,10.0,10.0,10.0,5.0
TYS,227062,35.81100082,-83.9940033,981,-4,-5,America/New_York,United States,Knoxville,USW00013891,1.0817056071645852,8.0,8.0,8.0,8.0,8.0,8.0,0.13
HSV,129718,34.6371994,-86.77510071,629,-5,-6,America/Chicago,United States,Huntsville,USW00003856,1.2728453830404556,9.0,9.0,9.0,10.0,9.0,9.0,5.0
LIT,173376,34.72940063,-92.22429657,262,-5,-6,America/Chicago,United States,Little Rock,USW00013963,1.0815002895766204,8.0,8.0,8.0,8.0,8.0,8.0,3.0
CRP,70145,27.77039909,-97.50119781,44,-5,-6,America/Chicago,United States,Corpus Christi,USW00012924,1.802641912701822,9.0,9.0,9.0,10.0,9.0,9.0,5.0
DSM,207137,41.5340004,-93.6631012,958,-5,-6,America/Chicago,United States,Des Moines,USW00014933,0.8347000982230818,9.0,9.0,9.0,9.0,9.0,9.0,4.0
BTV,121047,44.47190094,-73.15329742,335,-4,-5,America/New_York,United States,Burlington,USW00014742,0.4784920418049993,10.0,10.0,10.0,10.0,10.0,10.0,5.0
ATL,4474978,33.6367,-84.428101,1026,-4,-5,America/New_York,United States,Atlanta,USW00013874,1.5211678264149262,8.0,8.0,8.0,8.0,8.0,8.0,4.0
CRW,53618,38.37310028,-81.59320068,981,-4,-5,America/New_York,United States,Charleston,USW00013866,0.7229823911894011,9.0,8.0,8.0,8.0,8.0,8.0,4.0
LEX,131441,38.03649902,-84.60590363,979,-4,-5,America/New_York,United States,Lexington KY,USW00093820,0.5621894722606352,9.0,8.0,9.0,8.0,8.0,8.0,4.0
BUF,301665,42.94049835,-78.73220062,728,-4,-5,America/New_York,United States,Buffalo,USW00014733,1.002992220585152,11.0,11.0,10.0,10.0,11.0,10.0,5.0
BNA,1092929,36.12450027,-86.67819977,599,-5,-6,America/Chicago,United States,Nashville,USW00013897,1.7814067054201363,11.0,10.0,10.0,10.0,10.0,10.0,4.0
MSP,1749982,44.882,-93.221802,841,-5,-6,America/Chicago,United States,Minneapolis,USW00014922,0.842324651988735,9.0,10.0,25.0,28.0,24.0,9.0,5.0
LGA,1894826,40.77719879,-73.87259674,21,-4,-5,America/New_York,United States,New York,USW00014732,0.6947080907519635,10.0,9.0,9.0,9.0,9.0,9.0,4.0
RIC,311015,37.50519943,-77.31970215,167,-4,-5,America/New_York,United States,Richmond,USW00013740,0.7884951711194027,7.0,7.0,8.0,7.0,7.0,7.0,0.123
CLE,559997,41.4117012,-81.84980011,791,-4,-5,America/New_York,United States,Cleveland,USW00014820,0.8710869374044959,10.0,10.0,10.0,10.0,10.0,10.0,4.0
DTW,1871596,42.21239853,-83.35340118,645,-4,-5,America/New_York,United States,Detroit,USW00094847,2.775860711742981,11.0,11.0,10.0,10.0,10.0,11.0,5.0
HPN,138768,41.06700134,-73.70760345,439,-4,-5,America/New_York,United States,White Plains,USW00094745,0.5973419485457933,7.0,7.0,7.0,7.0,7.0,7.0,3.0
BHM,226250,33.56290054,-86.75350189,650,-5,-6,America/Chicago,United States,Birmingham,USW00013876,0.8443048069297168,8.0,8.0,8.0,8.0,7.0,7.0,3.0
JAN,108272,32.31119919,-90.07589722,346,-5,-6,America/Chicago,United States,Jackson,USW00003940,0.9595528371478796,8.0,8.0,8.0,8.0,8.0,7.0,4.0
SDF,317458,38.1744,-85.736,501,-4,-5,America/New_York,United States,Louisville,USW00093821,0.5709711164723184,11.0,10.0,10.0,10.0,10.0,10.0,5.0
MCO,1863274,28.42939949,-81.30899811,96,-4,-5,America/New_York,United States,Orlando,USW00012815,1.9317041799346168,9.0,8.0,8.0,8.0,8.0,8.0,4.0
CAE,122462,33.93880081,-81.11949921,236,-4,-5,America/New_York,United States,Columbia,USW00013883,1.0925785907411918,9.0,9.0,9.0,9.0,8.0,8.0,4.0
XNA,166936,36.281898,-94.306801,1287,-5,-6,America/Chicago,United States,Bentonville,USW00053922,0.9592779803550279,8.0,8.0,8.0,7.0,7.0,7.0,4.0
PHF,32428,37.13190079,-76.49299622,42,-4,-5,America/New_York,United States,Newport News,USW00093741,0.0869021240883274,8.0,8.0,8.0,7.0,8.0,7.0,3.0
AGS,63491,33.36989975,-81.96450043,144,-4,-5,America/New_York,United States,Bush Field,USW00003820,0.5169992613607592,9.0,9.0,9.0,10.0,9.0,9.0,4.0
LNK,35675,40.85100174,-96.75920105,1219,-5,-6,America/Chicago,United States,Lincoln,USW00014939,0.5843322808834683,10.0,10.0,9.0,8.0,7.0,8.0,4.0
CVG,555955,39.04880142,-84.6678009,896,-4,-5,America/New_York,United States,Cincinnati,USW00093814,0.6358021461431053,8.0,8.0,8.0,8.0,8.0,8.0,4.0
CHS,323168,32.89860153,-80.04049683,46,-4,-5,America/New_York,United States,Charleston,USW00013880,0.09298428876599732,8.0,8.0,8.0,8.0,7.0,7.0,3.0
TLH,75469,30.39649963,-84.35030365,81,-4,-5,America/New_York,United States,Tallahassee,USW00093805,2.059876581701814,8.0,8.0,8.0,8.0,8.0,9.0,4.0
PIT,557829,40.49150085,-80.23290253,1203,-4,-5,America/New_York,United States,Pittsburgh,USW00094823,1.7410118277507611,9.0,9.0,9.0,9.0,9.0,9.0,4.0
CLT,3044500,35.2140007,-80.94309998,748,-4,-5,America/New_York,United States,Charlotte,USW00013881,1.3955681381523977,9.0,9.0,10.0,9.0,9.0,9.0,4.0
PHL,1594923,39.87189865,-75.2410965,36,-4,-5,America/New_York,United States,Philadelphia,USW00013739,1.2244699089025768,10.0,9.0,9.0,9.0,9.0,9.0,4.0
BDL,319394,41.93889999,-72.68319702,173,-4,-5,America/New_York,United States,Windsor Locks,USW00014740,0.1890766788356793,9.0,9.0,8.0,9.0,9.0,9.0,4.0
SAV,235952,32.12760162,-81.20210266,50,-4,-5,America/New_York,United States,Savannah,USW00003822,0.4212989929243687,8.0,8.0,8.0,8.0,8.0,9.0,4.0
BTR,83289,30.533199,-91.149597,70,-5,-6,America/Chicago,United States,Baton Rouge,USW00013970,0.5719794931824665,8.0,8.0,8.0,8.0,8.0,8.0,4.0
ECP,101567,30.357106,-85.795414,69,-5,-6,America/Chicago,United States,Panama City,USW00073805,1.1648951953715023,8.0,8.0,8.0,8.0,8.0,8.0,4.0
VPS,122656,30.4832,-86.525398,87,-5,-6,America/Chicago,United States,Valparaiso,USW00013858,0.8352152847762447,7.0,10.0,10.0,10.0,10.0,9.0,5.0
STL,844554,38.748697,-90.370003,618,-5,-6,America/Chicago,United States,St. Louis,USW00013994,0.5102689406832389,10.0,10.0,10.0,10.0,9.0,9.0,5.0
GRK,33498,31.06719971,-97.8289032,1015,-5,-6,America/Chicago,United States,Killeen,USW00003902,0.4232611739941015,9.0,9.0,9.0,8.0,8.0,8.0,5.0
EYW,93752,24.55610085,-81.75959778,3,-4,-5,America/New_York,United States,Key West,USW00012836,0.4443126177236235,9.0,9.0,10.0,10.0,10.0,9.0,4.0
MKE,389298,42.94720078,-87.89659882,723,-5,-6,America/Chicago,United States,Milwaukee,USW00014839,1.0751672683225846,9.0,9.0,9.0,9.0,9.0,9.0,4.0
SGF,123401,37.24570084,-93.38860321,1268,-5,-6,America/Chicago,United States,Springfield,USW00013995,1.5702061497620736,10.0,10.0,10.0,10.0,9.0,9.0,5.0
EVV,53037,38.03699875,-87.53240204,418,-5,-6,America/Chicago,United States,Evansville,USW00093817,2.143442292622801,8.0,8.0,8.0,8.0,8.0,8.0,4.0
MLI,67458,41.44850159,-90.50749969,590,-5,-6,America/Chicago,United States,Moline,USW00014923,1.346121885255173,10.0,10.0,9.0,9.0,9.0,9.0,5.0
MSN,167546,43.13990021,-89.33750153,887,-5,-6,America/Chicago,United States,Madison,USW00014837,0.6391920735209441,10.0,10.0,9.0,9.0,9.0,9.0,5.0
BMI,35508,40.47710037,-88.91590118,871,-5,-6,America/Chicago,United States,Bloomington,USW00054831,2.972158837785087,7.0,7.0,7.0,7.0,6.0,6.0,3.0
ABE,68674,40.65209961,-75.44080353,393,-4,-5,America/New_York,United States,Allentown,USW00014737,0.6489740867818552,10.0,10.0,10.0,9.0,9.0,9.0,5.0
BOS,1688293,42.36429977,-71.00520325,20,-4,-5,America/New_York,United States,Boston,USW00014739,0.5532826026835288,9.0,10.0,9.0,10.0,10.0,10.0,4.0
OMA,309073,41.3032,-95.894096,984,-5,-6,America/Chicago,United States,Omaha,USW00014942,1.1664833161127488,9.0,9.0,9.0,9.0,8.0,9.0,4.0
GSO,180225,36.09780121,-79.93730164,925,-4,-5,America/New_York,United States,Greensboro,USW00013723,0.5316474449018808,8.0,7.0,8.0,7.0,7.0,7.0,0.121
MEM,304389,35.04240036,-89.97669983,341,-5,-6,America/Chicago,United States,Memphis,USW00013893,1.7875773385103713,8.0,8.0,8.0,8.0,8.0,8.0,0.125
AZO,33609,42.23490143,-85.55210114,874,-4,-5,America/New_York,United States,Kalamazoo,USW00094815,0.8849301693102132,9.0,9.0,9.0,9.0,9.0,9.0,4.0
TRI,51466,36.475201,-82.407401,1519,-4,-5,America/New_York,United States,BRISTOL,USW00013877,0.9108442166815692,8.0,8.0,8.0,8.0,8.0,8.0,0.127
GNV,54072,29.69009972,-82.27179718,152,-4,-5,America/New_York,United States,Gainesville,USW00012816,0.452649240990429,9.0,9.0,9.0,9.0,9.0,8.0,4.0
GRR,245003,42.88079834,-85.52279663,794,-4,-5,America/New_York,United States,Grand Rapids,USW00094860,2.3255584614744387,11.0,11.0,10.0,11.0,11.0,11.0,5.0
MYR,184717,33.67969894,-78.92829895,25,-4,-5,America/New_York,United States,Myrtle Beach,,,,,,,,,
RDU,743770,35.87760162,-78.78749847,435,-4,-5,America/New_York,United States,Raleigh-durham,USW00013722,1.6968390931043353,7.0,7.0,7.0,7.0,7.0,7.0,4.0
ATW,85784,44.2580986,-88.51909637,918,-5,-6,America/Chicago,United States,Appleton,USW00004825,0.9747323504308468,8.0,8.0,8.0,8.0,8.0,8.0,4.0
ROC,204319,43.1189003,-77.67240143,559,-4,-5,America/New_York,United States,Rochester,USW00014768,0.3022080779652318,9.0,9.0,9.0,9.0,9.0,9.0,5.0
AVL,135758,35.43619919,-82.54180145,2165,-4,-5,America/New_York,United States,Asheville,USW00053878,2.375528137577924,46.0,46.0,46.0,46.0,46.0,46.0,0.098
CHA,103542,35.03530121,-85.20379639,683,-4,-5,America/New_York,United States,Chattanooga,USW00013882,0.3706891929609799,9.0,9.0,9.0,9.0,9.0,9.0,4.0
ORF,293886,36.89459991,-76.20120239,26,-4,-5,America/New_York,United States,Norfolk,USW00013737,1.2483721388504054,10.0,10.0,10.0,10.0,10.0,10.0,4.0
PWM,161431,43.64619827,-70.30930328,76,-4,-5,America/New_York,United States,Portland,USW00014764,0.5648265674334848,9.0,9.0,9.0,9.0,9.0,9.0,4.0
RST,37565,43.90829849,-92.5,1317,-5,-6,America/Chicago,United States,Rochester,USW00014925,0.8137861319670778,10.0,10.0,10.0,10.0,10.0,4.0,0.131
ELM,20660,42.15990067,-76.89160156,954,-4,-5,America/New_York,United States,Elmira,USW00014748,0.9914317014542692,9.0,8.0,8.0,9.0,8.0,8.0,3.0
CMH,541242,39.998001,-82.891899,815,-4,-5,America/New_York,United States,Columbus,USW00014821,1.521866989539357,8.0,8.0,8.0,8.0,7.0,8.0,0.124
CID,117061,41.88470078,-91.71080017,869,-5,-6,America/Chicago,United States,Cedar Rapids,USW00014990,1.167322702963548,8.0,8.0,8.0,8.0,8.0,8.0,4.0
MDT,122423,40.19350052,-76.76339722,310,-4,-5,America/New_York,United States,Harrisburg,USW00014711,0.8271075169311048,8.0,8.0,8.0,8.0,7.0,7.0,0.121
SYR,197229,43.11119843,-76.10630035,421,-4,-5,America/New_York,United States,Syracuse,USW00014771,0.1956794716098899,10.0,10.0,10.0,10.0,10.0,10.0,5.0
JAX,381130,30.49410057,-81.68789673,30,-4,-5,America/New_York,United States,Jacksonville,USW00013889,1.701063335354749,10.0,9.0,10.0,9.0,9.0,9.0,4.0
IAD,1038362,38.94449997,-77.45580292,312,-4,-5,America/New_York,United States,Washington,USW00093738,1.3190655607591733,9.0,9.0,9.0,8.0,8.0,8.0,5.0
RSW,462576,26.53619957,-81.75520325,30,-4,-5,America/New_York,United States,Fort Myers,USW00012835,11.882622293071957,7.0,8.0,8.0,7.0,8.0,7.0,3.0
TPA,956828,27.97550011,-82.53320313,26,-4,-5,America/New_York,United States,Tampa,USW00092825,10.602099081225601,15.0,15.0,15.0,15.0,7.0,14.0,7.0
DEN,3627189,39.86169815,-104.6729965,5431,-6,-7,America/Denver,United States,Denver,USW00003017,2.2054068968754605,10.0,10.0,9.0,9.0,9.0,10.0,5.0
ISP,71334,40.79520035,-73.10019684,99,-4,-5,America/New_York,United States,Islip,USW00004781,0.2037487621025015,7.0,7.0,7.0,7.0,7.0,7.0,3.0
LAS,2162963,36.08010101,-115.1520004,2181,-7,-8,America/Los_Angeles,United States,Las Vegas,USW00023169,1.36530785432326,6.0,6.0,6.0,7.0,7.0,7.0,3.0
AUS,945184,30.19449997,-97.66989899,542,-5,-6,America/Chicago,United States,Austin,USW00013904,1.5947808066786096,7.0,7.0,7.0,7.0,7.0,7.0,0.114
MIA,1221060,25.79319954,-80.29060364,8,-4,-5,America/New_York,United States,Miami,USW00012839,2.6972105991657664,9.0,9.0,9.0,9.0,9.0,8.0,4.0
TTN,29521,40.27669907,-74.81349945,213,-4,-5,America/New_York,United States,Trenton,USW00014792,0.1969252995527333,9.0,8.0,8.0,8.0,8.0,8.0,3.0
SAN,1113725,32.73360062,-117.1900024,17,-7,-8,America/Los_Angeles,United States,San Diego,USW00023188,0.646982999421414,8.0,8.0,8.0,8.0,8.0,9.0,5.0
DFW,3736806,32.896801,-97.038002,607,-5,-6,America/Chicago,United States,Dallas-Fort Worth,USW00003927,1.5085202930552088,9.0,8.0,8.0,8.0,8.0,8.0,4.0
SLC,1494956,40.78839874,-111.9779968,4227,-6,-7,America/Denver,United States,Salt Lake City,USW00024127,2.2606209237543946,9.0,9.0,9.0,9.0,9.0,9.0,4.0
ABQ,299381,35.040199,-106.609001,5355,-6,-7,America/Denver,United States,Albuquerque,USW00023050,0.6309896369204027,7.0,7.0,7.0,7.0,7.0,7.0,0.134
LAX,2649109,33.94250107,-118.4079971,125,-7,-8,America/Los_Angeles,United States,Los Angeles,USW00023174,2.028519855390785,8.0,8.0,8.0,8.0,7.0,8.0,4.0
SFO,1809715,37.61899948,-122.375,13,-7,-8,America/Los_Angeles,United States,San Francisco,USW00023234,0.8335086259269544,8.0,8.0,8.0,8.0,8.0,8.0,4.0
PHX,2226114,33.43429947,-112.012001,1135,-7,-7,America/Phoenix,United States,Phoenix,USW00023183,1.0630249323517045,7.0,7.0,7.0,7.0,7.0,7.0,4.0
DCA,1654751,38.8521,-77.037697,15,-4,-5,America/New_York,United States,Washington,USW00013743,0.6146633369102282,11.0,10.0,10.0,10.0,10.0,9.0,4.0
OKC,294728,35.39310074,-97.60070038,1295,-5,-6,America/Chicago,United States,Oklahoma City,USW00013967,0.5338719449197913,9.0,9.0,9.0,9.0,8.0,4.0,0.114
COS,146488,38.805801,-104.700996,6187,-6,-7,America/Denver,United States,Colorado Springs,USW00093037,1.1484588809441187,8.0,8.0,7.0,8.0,8.0,8.0,4.0
ONT,293602,34.05599976,-117.6009979,944,-7,-8,America/Los_Angeles,United States,Ontario,USI0000KCCB,10.088894893667993,13.0,13.0,13.0,13.0,13.0,13.0,6.0
SEA,2320583,47.449001,-122.308998,433,-7,-8,America/Los_Angeles,United States,Seattle,USW00024233,0.6282097282972656,8.0,8.0,8.0,8.0,8.0,8.0,4.0
MSY,634418,29.99340057,-90.25800323,4,-5,-6,America/Chicago,United States,New Orleans,USW00012916,1.9635138486847508,9.0,9.0,9.0,9.0,9.0,9.0,5.0
SNA,548666,33.67570114,-117.8679962,56,-7,-8,America/Los_Angeles,United States,Santa Ana,USW00093184,0.4459202595277071,7.0,7.0,7.0,7.0,7.0,7.0,3.0
PSP,169078,33.82970047,-116.5070038,477,-7,-8,America/Los_Angeles,United States,Palm Springs,,,,,,,,,
IND,586590,39.7173,-86.294403,797,-4,-5,America/New_York,United States,Indianapolis,USW00093819,1.6267910749796606,10.0,10.0,10.0,10.0,10.0,10.0,5.0
SJC,698358,37.362598,-121.929001,62,-7,-8,America/Los_Angeles,United States,San Jose,,,,,,,,,
PDX,907971,45.58869934,-122.5979996,31,-7,-8,America/Los_Angeles,United States,Portland,USW00024229,1.1775601058428973,8.0,9.0,9.0,8.0,9.0,9.0,4.0
MCI,627777,39.2976,-94.713898,1026,-5,-6,America/Chicago,United States,Kansas City,USW00003947,1.458049547180997,10.0,10.0,10.0,10.0,10.0,10.0,5.0
PBI,324744,26.68320084,-80.09559631,19,-4,-5,America/New_York,United States,West Palm Beach,USW00012844,0.4103510799260355,8.0,8.0,8.0,8.0,7.0,8.0,4.0
SAT,479171,29.53370094,-98.46980286,809,-5,-6,America/Chicago,United States,San Antonio,USW00012921,1.7948436788901898,9.0,9.0,9.0,9.0,9.0,8.0,4.0
SJU,376408,18.43939972,-66.00180054,9,-4,-4,America/Puerto_Rico,Puerto Rico,San Juan,RQW00011641,1.2030679720061799,7.0,7.0,8.0,8.0,8.0,8.0,4.0
RNO,271144,39.49909973,-119.7679977,4415,-7,-8,America/Los_Angeles,United States,Reno,,,,,,,,,
BWI,1220023,39.1754,-76.668297,146,-4,-5,America/New_York,United States,Baltimore,USW00093721,1.3938682471824992,9.0,9.0,9.0,9.0,9.0,9.0,5.0
FLL,1171298,26.072599,-80.152702,9,-4,-5,America/New_York,United States,Fort Lauderdale,USW00092809,12.001838871997581,7.0,7.0,8.0,7.0,7.0,7.0,3.0
IAG,7277,43.1072998,-78.94619751,589,-4,-5,America/New_York,United States,Niagara Falls,USW00004724,0.6684239438759221,8.0,8.0,7.0,8.0,8.0,8.0,4.0
LBE,11564,40.27590179,-79.40480042,1199,-4,-5,America/New_York,United States,Latrobe,USW00054735,0.917347005018942,8.0,8.0,8.0,8.0,8.0,8.0,4.0
ACY,40034,39.45759964,-74.57720184,75,-4,-5,America/New_York,United States,Atlantic City,USW00093730,1.0893200357943995,9.0,9.0,8.0,8.0,8.0,8.0,4.0
JFK,1498199,40.63980103,-73.77890015,13,-4,-5,America/New_York,United States,New York,USW00094789,1.2706456297145905,9.0,9.0,9.0,9.0,9.0,9.0,4.0
CAK,66748,40.91609955,-81.44219971,1228,-4,-5,America/New_York,United States,Akron,USW00014895,0.2407154116341818,9.0,8.0,8.0,8.0,9.0,9.0,4.0
DAB,40667,29.179899,-81.058098,34,-4,-5,America/New_York,United States,Daytona Beach,USW00012834,1.5132435961250252,8.0,8.0,8.0,8.0,7.0,7.0,0.126
DAY,160618,39.90240097,-84.2193985,1009,-4,-5,America/New_York,United States,Dayton,USW00093815,0.4492430107652858,10.0,10.0,10.0,10.0,10.0,10.0,5.0
HVN,5431,41.26369858,-72.88680267,12,-4,-5,America/New_York,United States,New Haven,USW00014758,0.5695354740764079,7.0,7.0,7.0,7.0,7.0,7.0,3.0
MHT,109951,42.932598,-71.435699,266,-4,-5,America/New_York,United States,Manchester NH,USW00014710,0.32204428004409974,7.0,7.0,7.0,7.0,7.0,7.0,3.0
OAJ,38331,34.82920074,-77.61209869,94,-4,-5,America/New_York,United States,Jacksonville NC,USW00093753,0.6196529022320267,7.0,7.0,7.0,7.0,7.0,7.0,3.0
MLB,33497,28.10280037,-80.64530182,33,-4,-5,America/New_York,United States,Melbourne,USW00012838,1.013417440043332,7.0,7.0,7.0,7.0,7.0,7.0,3.0
SRQ,163549,27.39539909,-82.55439758,30,-4,-5,America/New_York,United States,Sarasota,USW00012871,0.7841686008983008,7.0,7.0,7.0,7.0,7.0,7.0,3.0
FAY,45919,34.99119949,-78.88030243,189,-4,-5,America/New_York,United States,Fayetteville,USW00093740,0.20153655598777828,8.0,7.0,8.0,8.0,7.0,7.0,3.0
CHO,86194,38.1385994,-78.45290375,639,-4,-5,America/New_York,United States,Charlottesville VA,USW00093736,0.22060023361153902,8.0,7.0,8.0,7.0,8.0,8.0,4.0
PNS,163472,30.47340012,-87.18659973,121,-5,-6,America/Chicago,United States,Pensacola,USW00013899,0.521828203361882,8.0,8.0,8.0,9.0,8.0,8.0,4.0
ILM,106650,34.27059937,-77.90260315,32,-4,-5,America/New_York,United States,Wilmington,USW00013748,0.4945378383313881,10.0,9.0,10.0,10.0,9.0,9.0,4.0
ALB,194063,42.74829865,-73.80169678,285,-4,-5,America/New_York,United States,Albany,USW00014735,0.2380823522020785,10.0,9.0,9.0,10.0,9.0,4.0,0.121
FWA,86284,40.97850037,-85.19509888,814,-4,-5,America/New_York,United States,Fort Wayne,USW00014827,1.1613653727678777,10.0,10.0,9.0,9.0,10.0,9.0,4.0
LYH,24067,37.3266983,-79.20040131,938,-4,-5,America/New_York,United States,Lynchburg,,,,,,,,,
TOL,17123,41.58679962,-83.80780029,683,-4,-5,America/New_York,United States,Toledo,USW00094830,0.208783354576983,9.0,9.0,9.0,9.0,9.0,9.0,5.0
HDN,29044,40.48120117,-107.2180023,6606,-6,-7,America/Denver,United States,Hayden,USW00094025,0.04404750613649973,7.0,7.0,7.0,7.0,7.0,7.0,4.0
BZN,125997,45.77750015,-111.1529999,4473,-6,-7,America/Denver,United States,Bozeman,USW00024132,1.2892083490316266,7.0,7.0,7.0,7.0,7.0,7.0,3.0
EUG,112044,44.12459946,-123.211998,374,-7,-8,America/Los_Angeles,United States,Eugene,USW00024221,0.9875478159538016,9.0,9.0,9.0,9.0,9.0,9.0,4.0
BOI,326684,43.5644,-116.223,2871,-6,-7,America/Denver,United States,Boise,USW00024131,1.448761889881232,8.0,8.0,8.0,8.0,8.0,8.0,4.0
GEG,269756,47.61989975,-117.5339966,2376,-7,-8,America/Los_Angeles,United States,Spokane,USW00024157,0.4863477590629874,10.0,10.0,10.0,10.0,10.0,10.0,5.0
TUS,226175,32.11610031,-110.9410019,2643,-7,-7,America/Phoenix,United States,Tucson,USW00023160,2.2591354469282,7.0,7.0,7.0,7.0,7.0,7.0,4.0
HNL,693315,21.32062,-157.924228,13,-10,-10,Pacific/Honolulu,United States,Honolulu,USW00022521,1.6153804797500155,8.0,7.0,7.0,7.0,7.0,8.0,4.0
LIH,175639,21.97599983,-159.3390045,153,-10,-10,Pacific/Honolulu,United States,Lihue,USW00022536,0.5110869611072285,10.0,10.0,10.0,10.0,9.0,10.0,5.0
KOA,194076,19.738783,-156.045603,47,-10,-10,Pacific/Honolulu,United States,Kona,,,,,,,,,
OGG,339825,20.8986,-156.429993,54,-10,-10,Pacific/Honolulu,United States,Kahului,USW00022516,1.1983477863250953,7.0,7.0,7.0,7.0,7.0,7.0,3.0
EGE,37325,39.64260101,-106.9179993,6548,-6,-7,America/Denver,United States,Vail,,,,,,,,,
ITO,78703,19.72139931,-155.0480042,38,-10,-10,Pacific/Honolulu,United States,Hilo,USW00021515,9.210849638130815,43.0,46.0,46.0,45.0,41.0,45.0,0.098
SMF,668623,38.69540024,-121.5910034,27,-7,-8,America/Los_Angeles,United States,Sacramento,,,,,,,,,
ANC,258196,61.17440033,-149.9960022,152,-8,-9,America/Anchorage,United States,Anchorage,USW00026451,1.8066548600188927,9.0,9.0,9.0,9.0,10.0,10.0,5.0
GUC,11694,38.53390121,-106.9329987,7680,-6,-7,America/Denver,United States,Gunnison,,,,,,,,,
MFE,63278,26.17580032,-98.23860168,107,-5,-6,America/Chicago,United States,Mcallen,USW00012959,0.6912664300049962,8.0,8.0,7.0,8.0,8.0,8.0,4.0
BQN,26957,18.49489975,-67.12940216,237,-4,-4,America/Puerto_Rico,Puerto Rico,Aguadilla,,,,,,,,,
MTJ,38128,38.50979996,-107.8939972,5759,-6,-7,America/Denver,United States,Montrose CO,,,,,,,,,
BIL,65394,45.80770111,-108.5429993,3652,-6,-7,America/Denver,United States,Billings,USW00024033,0.2473739972801427,10.0,9.0,9.0,9.0,10.0,10.0,4.0
JAC,67294,43.6072998,-110.737999,6451,-6,-7,America/Denver,United States,Jacksn Hole,USW00004131,6.369107771017613,46.0,46.0,46.0,46.0,46.0,46.0,22.0
GUM,10911,13.48340034,144.7960052,298,10,10,Pacific/Guam,Guam,Agana,GQW00041415,0.43266332900365323,8.0,7.0,7.0,7.0,7.0,9.0,4.0
ICT,139569,37.649899,-97.433098,1333,-5,-6,America/Chicago,United States,Wichita,USW00003928,1.0142030655261773,8.0,8.0,8.0,7.0,7.0,7.0,4.0
BUR,356607,34.20069885,-118.3590012,778,-7,-8,America/Los_Angeles,United States,Burbank,USW00023152,0.6182048646077102,6.0,7.0,6.0,6.0,6.0,7.0,3.0
MFR,100619,42.37419891,-122.8730011,1335,-7,-8,America/Los_Angeles,United States,Medford,USW00024225,0.3332265239618301,10.0,10.0,10.0,10.0,9.0,9.0,4.0
SBA,93340,34.42620087,-119.8399963,13,-7,-8,America/Los_Angeles,United States,Santa Barbara,USW00053152,3.8850620481503086,46.0,46.0,47.0,46.0,45.0,46.0,0.099
FAT,149014,36.77619934,-119.7180023,336,-7,-8,America/Los_Angeles,United States,Fresno,USW00093193,0.4690033743234642,8.0,8.0,8.0,8.0,8.0,8.0,4.0
FSD,103932,43.58200073,-96.74189758,1429,-5,-6,America/Chicago,United States,Sioux Falls,USW00014944,1.1974681900807034,9.0,10.0,9.0,9.0,9.0,9.0,5.0
AMA,71078,35.219398,-101.706001,3607,-5,-6,America/Chicago,United States,Amarillo,USW00023047,1.5696070155293942,10.0,10.0,9.0,9.0,9.0,9.0,4.0
DAL,894140,32.847099,-96.851799,487,-5,-6,America/Chicago,United States,Dallas,USW00013960,1.7876389836207711,7.0,7.0,7.0,7.0,7.0,7.0,3.0
ELP,228716,31.80719948,-106.3779984,3959,-6,-7,America/Denver,United States,El Paso,USW00023044,0.5564797744683526,8.0,8.0,8.0,8.0,8.0,8.0,4.0
FNT,48781,42.9654007,-83.74359894,782,-4,-5,America/New_York,United States,Flint,USW00014826,0.5481530822948921,10.0,10.0,9.0,10.0,10.0,10.0,5.0
HOU,708353,29.64539909,-95.27890015,46,-5,-6,America/Chicago,United States,Houston,USW00000188,12.827328055366353,10.0,15.0,10.0,15.0,15.0,15.0,7.0
HRL,56718,26.22850037,-97.65440369,36,-5,-6,America/Chicago,United States,Harlingen,USW00012904,0.2324720787848767,8.0,8.0,8.0,8.0,8.0,8.0,4.0
LBB,87183,33.663601,-101.822998,3282,-5,-6,America/Chicago,United States,Lubbock,USW00023042,1.3240795741313771,7.0,8.0,7.0,7.0,7.0,7.0,4.0
LGB,195933,33.81769943,-118.1520004,60,-7,-8,America/Los_Angeles,United States,Long Beach,USW00023129,0.8002225055998485,7.0,8.0,8.0,8.0,7.0,8.0,4.0
MAF,118568,31.94249916,-102.2020035,2871,-5,-6,America/Chicago,United States,Midland,USW00023023,1.2138447356188498,8.0,8.0,8.0,8.0,8.0,8.0,4.0
MDW,1026112,41.785999,-87.752403,620,-5,-6,America/Chicago,United States,Chicago,USW00014819,0.3129246304109609,8.0,8.0,8.0,8.0,8.0,8.0,3.0
OAK,595467,37.721298,-122.221001,9,-7,-8,America/Los_Angeles,United States,Oakland,USW00093228,11.20730290734215,7.0,7.0,7.0,7.0,6.0,7.0,3.0
BRO,33788,25.90679932,-97.42590332,22,-5,-6,America/Chicago,United States,Brownsville,USW00012919,1.2466203420349058,9.0,9.0,9.0,9.0,8.0,9.0,0.129
PIA,61799,40.66419983,-89.69329834,660,-5,-6,America/Chicago,United States,Peoria,USW00014842,0.8521698866675791,10.0,10.0,10.0,10.0,9.0,9.0,4.0
RAP,69289,44.04529953,-103.0569992,3204,-6,-7,America/Denver,United States,Rapid City,USW00024090,0.2078739661586413,9.0,9.0,8.0,8.0,8.0,8.0,0.131
DRO,51398,37.1515007,-107.7539978,6685,-6,-7,America/Denver,United States,Durango,USW00093005,1.0875106163387604,6.0,7.0,6.0,7.0,7.0,7.0,3.0
MRY,52958,36.5870018,-121.8430023,257,-7,-8,America/Los_Angeles,United States,Monterey,USW00023259,0.6422670126079869,8.0,8.0,8.0,8.0,8.0,8.0,3.0
BFL,32452,35.43360138,-119.0569992,510,-7,-8,America/Los_Angeles,United States,Bakersfield,USW00023155,0.16798093744799975,7.0,6.0,6.0,7.0,7.0,7.0,0.124
SBP,64117,35.23680115,-120.6419983,212,-7,-8,America/Los_Angeles,United States,San Luis Obispo,USW00093206,0.24683585441916156,7.0,8.0,7.0,7.0,7.0,8.0,4.0
GRI,12877,40.96749878,-98.30960083,1847,-5,-6,America/Chicago,United States,Grand Island,USW00014935,0.7385709530289941,10.0,9.0,8.0,8.0,8.0,8.0,4.0
MGM,48521,32.30059814,-86.39399719,221,-5,-6,America/Chicago,United States,MONTGOMERY,USW00013895,1.2756429098436413,10.0,10.0,10.0,10.0,10.0,10.0,4.0
STX,14830,17.70190048,-64.79859924,74,-4,-4,America/St_Thomas,Virgin Islands,St. Croix Island,VQW00011624,1.4945984157469276,6.0,6.0,7.0,7.0,7.0,7.0,3.0
YKM,11074,46.56819916,-120.5439987,1099,-7,-8,America/Los_Angeles,United States,Yakima,USW00024243,0.8392805130245681,7.0,7.0,7.0,7.0,7.0,7.0,4.0
LWS,13256,46.37450027,-117.0149994,1442,-7,-8,America/Los_Angeles,United States,Lewiston,USW00024149,0.0256735263181397,8.0,9.0,8.0,8.0,8.0,8.0,4.0
EAT,10948,47.39889908,-120.2070007,1249,-7,-8,America/Los_Angeles,United States,Wenatchee,USW00094239,0.47181621139841307,7.0,7.0,7.0,7.0,7.0,7.0,3.0
RDM,104282,44.2541008,-121.1500015,3080,-7,-8,America/Los_Angeles,United States,Redmond-Bend,USW00024230,0.7587182585209107,7.0,7.0,7.0,7.0,7.0,7.0,3.0
PUW,15053,46.7439,-117.110001,2556,-7,-8,America/Los_Angeles,United States,Pullman,USW00094129,0.44315174321279166,7.0,7.0,7.0,7.0,7.0,7.0,4.0
ALW,9624,46.09489822,-118.288002,1194,-7,-8,America/Los_Angeles,United States,Walla Walla,USW00024160,0.17906183346978216,7.0,8.0,7.0,7.0,8.0,8.0,3.0
HLN,25279,46.60680008,-111.9830017,3877,-6,-7,America/Denver,United States,Helena,USW00024144,0.5446919592549976,8.0,9.0,8.0,8.0,8.0,8.0,4.0
FCA,63385,48.3105011,-114.2559967,2977,-6,-7,America/Denver,United States,Kalispell,,,,,,,,,
MMH,2814,37.62409973,-118.8379974,7135,-7,-8,America/Los_Angeles,United States,Mammoth Lakes,USW00003181,1.4714877230153185,15.0,15.0,14.0,13.0,13.0,15.0,7.0
PSC,79198,46.26470184,-119.1190033,410,-7,-8,America/Los_Angeles,United States,Pasco,,,,,,,,,
MSO,71213,46.91630173,-114.0910034,3206,-6,-7,America/Denver,United States,Missoula,USW00024153,0.5465808343751496,8.0,8.0,8.0,8.0,8.0,9.0,0.128
GTF,37088,47.48199844,-111.3710022,3680,-6,-7,America/Denver,United States,Great Falls,USW00024143,1.3137974567922786,8.0,8.0,7.0,7.0,8.0,8.0,4.0
SUN,25607,43.50439835,-114.2959976,5318,-6,-7,America/Denver,United States,Hailey,USW00094161,0.5861491538821385,8.0,8.0,8.0,8.0,8.0,9.0,4.0
BLI,39222,48.7928009,-122.538002,170,-7,-8,America/Los_Angeles,United States,Bellingham,USW00024217,0.7367714039784953,7.0,7.0,7.0,7.0,8.0,8.0,3.0
STS,50538,38.50899887,-122.8130035,128,-7,-8,America/Los_Angeles,United States,Santa Rosa,USW00023213,0.6218812897962425,8.0,8.0,7.0,8.0,8.0,8.0,3.0
FAI,61015,64.81510162,-147.8560028,439,-8,-9,America/Anchorage,United States,Fairbanks,USW00026411,1.643821473797601,8.0,8.0,9.0,9.0,8.0,8.0,4.0
SCC,8460,70.19470215,-148.4649963,65,-8,-9,America/Anchorage,United States,Deadhorse,USW00027406,0.6767064061697777,9.0,8.0,9.0,9.0,8.0,8.0,4.0
DUT,3227,53.90010071,-166.5440063,22,-8,-9,America/Anchorage,United States,Unalaska,USW00025616,0.5696202025982159,9.0,8.0,8.0,9.0,8.0,9.0,4.0
STT,61679,18.33729935,-64.9733963,23,-4,-4,America/St_Thomas,Virgin Islands,St. Thomas,,,,,,,,,
FAR,87599,46.92070007,-96.81580353,902,-5,-6,America/Chicago,United States,Fargo,USW00014914,0.4850905851977517,9.0,10.0,9.0,9.0,9.0,9.0,4.0
ROA,83416,37.3255,-79.975403,1175,-4,-5,America/New_York,United States,Roanoke VA,USW00013741,0.9349242295978158,9.0,8.0,8.0,8.0,8.0,8.0,4.0
BIS,55892,46.77270126,-100.7460022,1661,-5,-6,America/Chicago,United States,Bismarck,USW00024011,1.1348253136739217,9.0,10.0,9.0,9.0,9.0,9.0,5.0
AVP,50033,41.33850098,-75.7233963,962,-4,-5,America/New_York,United States,Scranton,USW00014777,0.5465886782738546,9.0,9.0,8.0,9.0,8.0,9.0,0.124
GRB,70362,44.48509979,-88.12960052,695,-5,-6,America/Chicago,United States,Green Bay,USW00014898,2.1014148190269166,10.0,11.0,10.0,10.0,10.0,10.0,5.0
PPG,1087,-14.33100033,-170.7100067,32,-11,-11,Pacific/Pago_Pago,American Samoa,Pago Pago,,,,,,,,,
MKK,6838,21.1529007,-157.095993,454,-10,-10,Pacific/Honolulu,United States,Molokai,USW00022534,0.1663726351198516,7.0,7.0,7.0,7.0,7.0,7.0,3.0
LNY,9873,20.78560066,-156.951004,1308,-10,-10,Pacific/Honolulu,United States,Lanai,USW00022524,0.4894768023132976,7.0,7.0,7.0,7.0,7.0,7.0,4.0
JHM,6206,20.96290016,-156.6730042,256,-10,-10,Pacific/Honolulu,United States,Lahania-kapalua,,,,,,,,,
ROW,14828,33.30160141,-104.5309982,3671,-6,-7,America/Denver,United States,Roswell,USW00023009,2.221093835572523,8.0,8.0,8.0,8.0,8.0,8.0,4.0
BGR,66976,44.80739975,-68.82810211,192,-4,-5,America/New_York,United States,Bangor,USW00014606,1.305080466388158,8.0,8.0,8.0,8.0,8.0,9.0,4.0
PIH,10965,42.90980148,-112.5960007,4452,-6,-7,America/Denver,United States,Pocatello,USW00024156,2.2329478323893905,8.0,8.0,8.0,8.0,8.0,9.0,4.0
ABR,9754,45.44910049,-98.42179871,1302,-5,-6,America/Chicago,United States,Aberdeen,USW00014929,0.9981843475639384,9.0,10.0,9.0,9.0,9.0,9.0,4.0
GJT,56859,39.12239838,-108.5270004,4858,-6,-7,America/Denver,United States,Grand Junction,USW00023066,1.7886064280373155,8.0,8.0,8.0,8.0,8.0,8.0,4.0
APN,7925,45.0780983,-83.56030273,690,-4,-5,America/New_York,United States,Alpena,USW00094849,0.7808363989216702,8.0,8.0,8.0,8.0,8.0,8.0,4.0
ESC,8699,45.72269821,-87.09369659,609,-4,-5,America/New_York,United States,Escanaba,USW00094853,1.4294939896550707,8.0,8.0,7.0,8.0,8.0,7.0,3.0
PLN,11916,45.57089996,-84.79669952,721,-4,-5,America/New_York,United States,Pellston,USW00014841,0.7839416216294068,8.0,9.0,8.0,8.0,8.0,8.0,3.0
BJI,9688,47.50939941,-94.93370056,1391,-5,-6,America/Chicago,United States,Bemidji,USW00014958,1.0454684102804652,15.0,19.0,17.0,15.0,15.0,15.0,
CPR,26958,42.908001,-106.463997,5350,-6,-7,America/Denver,United States,Casper,USW00024089,1.3781534077071087,9.0,9.0,9.0,9.0,9.0,4.0,0.131
BRD,8622,46.39830017,-94.13809967,1232,-5,-6,America/Chicago,United States,Brainerd,USW00094938,0.928834055331672,8.0,9.0,8.0,8.0,8.0,8.0,4.0
BTM,8857,45.95479965,-112.4970016,5550,-6,-7,America/Denver,United States,Butte,USW00024135,1.1202337376225304,7.0,7.0,7.0,7.0,7.0,7.0,3.0
CDC,8161,37.70100021,-113.098999,5622,-6,-7,America/Denver,United States,Cedar City,,,,,,,,,
SGU,39169,37.036389,-113.510306,2941,-6,-7,America/Denver,United States,Saint George,,,,,,,,,
CIU,9411,46.25080109,-84.47239685,800,-4,-5,America/New_York,United States,Sault Ste Marie,USW00004869,0.4482358459818504,8.0,9.0,8.0,8.0,8.0,8.0,4.0
EKO,7056,40.82490158,-115.7919998,5140,-7,-8,America/Los_Angeles,United States,Elko,USW00024121,0.4853060928482347,7.0,7.0,7.0,7.0,7.0,8.0,4.0
COD,12821,44.52019882,-109.0240021,5102,-6,-7,America/Denver,United States,Cody,,,,,,,,,
HIB,8502,47.38660049,-92.83899689,1354,-5,-6,America/Chicago,United States,Hibbing,USW00094931,0.8551836842820371,9.0,9.0,8.0,9.0,9.0,9.0,4.0
BGM,7912,42.20869827,-75.97979736,1636,-4,-5,America/New_York,United States,Binghamton,USW00004725,1.0783966330067671,12.0,11.0,11.0,11.0,10.0,11.0,6.0
TWF,11569,42.4818,-114.487999,4154,-6,-7,America/Denver,United States,Twin Falls,USW00094178,0.933598781366474,6.0,7.0,6.0,7.0,7.0,7.0,3.0
MQT,15876,46.35359955,-87.395401,1221,-4,-5,America/New_York,United States,Gwinn,USW00094836,0.534232078174498,8.0,9.0,9.0,8.0,8.0,8.0,4.0
RHI,10328,45.63119888,-89.46749878,1624,-5,-6,America/Chicago,United States,Rhinelander,USW00004803,1.1699516536989936,8.0,9.0,8.0,9.0,9.0,8.0,4.0
ITH,25369,42.49100113,-76.45839691,1099,-4,-5,America/New_York,United States,Ithaca,USW00094761,1.0944502521404695,7.0,7.0,7.0,7.0,6.0,7.0,3.0
LSE,21990,43.879002,-91.256699,655,-5,-6,America/Chicago,United States,La Crosse,USW00014920,0.2900830289116108,8.0,9.0,8.0,8.0,8.0,8.0,3.0
INL,8357,48.56620026,-93.40309906,1185,-5,-6,America/Chicago,United States,International Falls,USW00014918,0.9371252651429112,9.0,10.0,9.0,9.0,10.0,9.0,0.135
ASE,85876,39.22320175,-106.8690033,7820,-6,-7,America/Denver,United States,Aspen,USW00093073,0.7672303206456308,7.0,7.0,7.0,7.0,7.0,7.0,4.0
FLG,26760,35.13850021,-111.6709976,7014,-7,-7,America/Phoenix,United States,Flagstaff,USW00003103,0.7585625428490376,8.0,9.0,8.0,9.0,8.0,9.0,5.0
YUM,22136,32.65660095,-114.6060028,213,-7,-7,America/Phoenix,United States,Yuma,,,,,,,,,
TVC,67098,44.74140167,-85.5821991,624,-4,-5,America/New_York,United States,Traverse City,USW00014850,1.1738382834780805,7.0,8.0,7.0,7.0,8.0,7.0,3.0
MEI,10398,32.33259964,-88.75189972,297,-5,-6,America/Chicago,United States,Meridian,USW00013865,0.2548907136188802,8.0,8.0,9.0,9.0,8.0,8.0,4.0
PIB,8753,31.46710014,-89.33709717,298,-5,-6,America/Chicago,United States,Hattiesburg/Laurel,USW00053808,0.3635840675215313,8.0,8.0,8.0,9.0,8.0,8.0,4.0
SAF,32935,35.61709976,-106.0889969,6348,-6,-7,America/Denver,United States,Santa Fe,,,,,,,,,
IFP,91,35.161944,-114.56,214,-7,-7,America/Phoenix,United States,Bullhead City,USW00053135,0.5291473345793367,11.0,11.0,10.0,10.0,11.0,11.0,5.0
SBN,83938,41.70869827,-86.31729889,799,-4,-5,America/New_York,United States,South Bend,USW00014848,0.1824529384119773,10.0,10.0,9.0,9.0,10.0,10.0,5.0
GTR,12855,33.45029831,-88.59140015,264,-5,-6,America/Chicago,United States,Columbus Mississippi,USW00053893,0.7538441238973723,7.0,7.0,7.0,7.0,7.0,7.0,3.0
LAN,36891,42.77870178,-84.58740234,861,-4,-5,America/New_York,United States,Lansing,USW00014836,1.0470569549660187,10.0,10.0,9.0,10.0,9.0,10.0,5.0
SCE,46479,40.84930038,-77.84870148,1239,-4,-5,America/New_York,United States,State College Pennsylvania,USW00054739,0.134262182402062,8.0,9.0,8.0,8.0,9.0,8.0,4.0
SWF,18063,41.5041008,-74.10479736,491,-4,-5,America/New_York,United States,Newburgh,,,,,,,,,
ERI,22243,42.08312701,-80.17386675,732,-4,-5,America/New_York,United States,Erie,USW00014860,0.7576652706894389,9.0,9.0,8.0,8.0,9.0,9.0,0.119
IMT,9380,45.81840134,-88.11450195,1182,-5,-6,America/Chicago,United States,Iron Mountain,USW00094893,0.5773766268643937,8.0,8.0,8.0,8.0,8.0,8.0,4.0
DLH,32902,46.84209824,-92.19360352,1428,-5,-6,America/Chicago,United States,Duluth,USW00014913,1.3570805303934632,10.0,10.0,10.0,10.0,11.0,11.0,5.0
ISN,6876,48.17789841,-103.6419983,1982,-5,-6,America/Chicago,United States,Williston,,,,,,,,,
IDA,46045,43.514599,-112.070999,4744,-6,-7,America/Denver,United States,Idaho Falls,USW00024145,0.7242663292164219,7.0,8.0,8.0,8.0,8.0,8.0,0.13
MBS,29193,43.53290176,-84.07959747,668,-4,-5,America/New_York,United States,Saginaw,USW00014845,0.5530308332160618,8.0,8.0,8.0,8.0,8.0,8.0,0.111
MOT,33505,48.25939941,-101.2799988,1716,-5,-6,America/Chicago,United States,Minot,USW00024013,1.1724391072499052,7.0,7.0,7.0,7.0,7.0,7.0,3.0
GFK,20758,47.949299,-97.176102,845,-5,-6,America/Chicago,United States,Grand Forks,USW00014916,0.8918909150398452,8.0,8.0,8.0,8.0,8.0,4.0,0.127
MLU,31614,32.51089859,-92.03769684,79,-5,-6,America/Chicago,United States,Monroe,USW00013942,0.8915534787243944,8.0,8.0,8.0,8.0,7.0,7.0,3.0
DHN,13724,31.32130051,-85.44960022,401,-5,-6,America/Chicago,United States,Dothan,,,,,,,,,
SHV,77080,32.446602,-93.8256,258,-5,-6,America/Chicago,United States,Shreveport,USW00013957,1.5569053351687636,7.0,7.0,8.0,9.0,8.0,9.0,0.133
CMX,9530,47.16839981,-88.4890976,1095,-4,-5,America/New_York,United States,Hancock,USW00014858,0.6923302285289057,9.0,9.0,9.0,9.0,10.0,9.0,4.0
EAU,6731,44.86579895,-91.48429871,913,-5,-6,America/Chicago,United States,Eau Claire,USW00014991,0.31666462142382257,8.0,8.0,7.0,8.0,8.0,8.0,3.0
GCC,9388,44.34889984,-105.5390015,4365,-6,-7,America/Denver,United States,Gillette,USW00094023,1.0446781684107513,8.0,8.0,7.0,7.0,7.0,7.0,3.0
CKB,9391,39.29660034,-80.22810364,1217,-4,-5,America/New_York,United States,Clarksburg,USW00003802,0.7197018601328086,9.0,8.0,9.0,9.0,9.0,9.0,4.0
RKS,7490,41.5942,-109.065001,6764,-6,-7,America/Denver,United States,Rock Springs,USW00024027,1.0187698524913555,7.0,7.0,7.0,7.0,7.0,7.0,0.109
PUB,7454,38.28910065,-104.4970016,4726,-6,-7,America/Denver,United States,Pueblo,USW00093058,0.7717476452750623,7.0,8.0,8.0,9.0,9.0,9.0,5.0
MKG,6522,43.16949844,-86.23819733,629,-4,-5,America/New_York,United States,Muskegon,USW00014840,0.206849638751652,10.0,10.0,9.0,9.0,10.0,10.0,5.0
CGI,6635,37.22529984,-89.57080078,342,-5,-6,America/Chicago,United States,Cape Girardeau,USW00003935,0.6929677444511626,8.0,8.0,8.0,8.0,7.0,7.0,4.0
UIN,3156,39.94269943,-91.19460297,768,-5,-6,America/Chicago,United States,Quincy,USW00093989,0.6363814077509192,7.0,7.0,7.0,7.0,7.0,7.0,4.0
SPI,17782,39.84410095,-89.67790222,598,-5,-6,America/Chicago,United States,Springfield,USW00093822,0.5303149658552687,8.0,8.0,8.0,8.0,7.0,7.0,4.0
DVL,8591,48.11420059,-98.90879822,1456,-5,-6,America/Chicago,United States,Devils Lake,USW00094928,0.7116168201778101,7.0,7.0,7.0,6.0,7.0,7.0,3.0
JMS,11588,46.92969894,-98.67819977,1500,-5,-6,America/Chicago,United States,Jamestown,USW00014919,0.7415097275678788,8.0,8.0,7.0,7.0,8.0,7.0,3.0
LAR,8245,41.31209946,-105.6750031,7284,-6,-7,America/Denver,United States,Laramie,USW00024022,0.5120057841111147,7.0,7.0,7.0,7.0,7.0,7.0,3.0
HYS,11338,38.84220123,-99.27320099,1999,-5,-6,America/Chicago,United States,Hays,,,,,,,,,
PAH,8363,37.06079865,-88.77380371,410,-5,-6,America/Chicago,United States,PADUCAH,USW00003816,0.8495335072785013,9.0,8.0,9.0,8.0,8.0,8.0,4.0
ACV,22263,40.978101,-124.109,221,-7,-8,America/Los_Angeles,United States,Arcata CA,USW00024283,0.3625746030321438,9.0,9.0,10.0,10.0,10.0,9.0,4.0
OTH,4673,43.417099,-124.2460022,17,-7,-8,America/Los_Angeles,United States,North Bend,USW00024284,0.4647536341364449,8.0,8.0,9.0,9.0,9.0,8.0,4.0
CWA,32994,44.77759933,-89.66680145,1277,-5,-6,America/Chicago,United States,Wassau,USW00094890,0.633552015994012,8.0,8.0,8.0,8.0,8.0,8.0,4.0
RDD,17561,40.50899887,-122.2929993,505,-7,-8,America/Los_Angeles,United States,Redding,USW00024257,0.752552128226461,8.0,8.0,8.0,8.0,8.0,8.0,4.0
COU,29248,38.81809998,-92.21959686,889,-5,-6,America/Chicago,United States,Columbia,USW00003945,0.4456599079418043,7.0,7.0,8.0,8.0,7.0,7.0,4.0
FSM,20269,35.33660126,-94.36740112,469,-5,-6,America/Chicago,United States,Fort Smith,USW00013964,0.41308461086483,10.0,10.0,10.0,10.0,10.0,9.0,4.0
LRD,30738,27.54380035,-99.46160126,508,-5,-6,America/Chicago,United States,Laredo,USW00012907,1.2678877166077205,7.0,6.0,7.0,7.0,7.0,7.0,0.11
CLL,22566,30.58860016,-96.36380005,320,-5,-6,America/Chicago,United States,College Station,USW00000438,14.41806901594898,15.0,15.0,15.0,15.0,15.0,15.0,7.0
LCH,24027,30.12610054,-93.22329712,15,-5,-6,America/Chicago,United States,Lake Charles,USI0000KLCH,0.0002839110081743,8.0,8.0,8.0,9.0,8.0,8.0,4.0
AEX,34834,31.32740021,-92.54979706,89,-5,-6,America/Chicago,United States,Alexandria,USW00093915,1.164895338409536,8.0,8.0,8.0,8.0,8.0,7.0,4.0
HOB,7800,32.6875,-103.2170029,3661,-6,-7,America/Denver,United States,Hobbs,USW00093034,0.7694410795931717,9.0,9.0,9.0,9.0,9.0,9.0,4.0
DBQ,7128,42.40200043,-90.70950317,1077,-5,-6,America/Chicago,United States,Dubuque IA,USW00094908,0.4118048029361654,10.0,10.0,10.0,9.0,9.0,9.0,5.0
ACT,19307,31.61129951,-97.23049927,516,-5,-6,America/Chicago,United States,Waco,USW00013959,0.7823823729440165,8.0,8.0,8.0,8.0,7.0,8.0,4.0
TYR,17094,32.35409927,-95.40239716,544,-5,-6,America/Chicago,United States,Tyler,USW00013972,0.5187584986185416,7.0,7.0,7.0,7.0,7.0,7.0,3.0
MHK,20155,39.14099884,-96.67079926,1057,-5,-6,America/Chicago,United States,Manhattan,USW00053974,6.775073241343952,46.0,46.0,46.0,46.0,46.0,46.0,22.0
JLN,11143,37.15179825,-94.49829865,981,-5,-6,America/Chicago,United States,Joplin,USW00013987,0.2700882080953246,7.0,7.0,7.0,7.0,7.0,7.0,3.0
CMI,26828,40.03919983,-88.27809906,755,-5,-6,America/Chicago,United States,Champaign,USW00094870,0.7738911096533703,8.0,8.0,8.0,8.0,7.0,8.0,4.0
SJT,19947,31.35770035,-100.4960022,1919,-5,-6,America/Chicago,United States,San Angelo,USW00023034,1.5550742324252158,9.0,8.0,8.0,9.0,8.0,8.0,5.0
LAW,15408,34.56769943,-98.41660309,1110,-5,-6,America/Chicago,United States,Lawton,USW00013945,9.256016510813525,7.0,8.0,7.0,7.0,7.0,7.0,3.0
SWO,9453,36.16120148,-97.08570099,1000,-5,-6,America/Chicago,United States,Stillwater,USW00053926,4.810036457696442,46.0,46.0,46.0,46.0,45.0,46.0,0.099
BPT,11015,29.95079994,-94.02069855,15,-5,-6,America/Chicago,United States,Beaumont,USW00012917,0.5354893535494103,9.0,9.0,9.0,10.0,9.0,9.0,5.0
SUX,12176,42.40259933,-96.38439941,1098,-5,-6,America/Chicago,United States,Sioux City,USW00014943,1.278767205649092,9.0,9.0,9.0,9.0,8.0,9.0,4.0
PBG,11182,44.65090179,-73.4681015,234,-4,-5,America/New_York,United States,Plattsburgh,USW00064776,1.3595473720927982,7.0,7.0,7.0,7.0,7.0,7.0,4.0
DIK,8020,46.79740143,-102.802002,2592,-6,-7,America/Denver,United States,Dickinson,USW00024012,0.4468581512731581,8.0,9.0,8.0,8.0,8.0,8.0,4.0
ADQ,9939,57.75,-152.4940033,78,-8,-9,America/Anchorage,United States,Kodiak,USW00025501,0.362621176325807,11.0,11.0,10.0,10.0,11.0,11.0,6.0
BET,9670,60.77980042,-161.8379974,126,-8,-9,America/Anchorage,United States,Bethel,USW00026615,0.7450019603307022,11.0,10.0,10.0,11.0,10.0,11.0,6.0
BRW,6544,71.285402,-156.766008,44,-8,-9,America/Anchorage,United States,Barrow,USW00027502,0.9677400958251596,11.0,11.0,11.0,11.0,11.0,13.0,5.0
JNU,58033,58.35499954,-134.576004,21,-8,-9,America/Anchorage,United States,Juneau,USW00025309,1.1717453717858892,9.0,9.0,10.0,10.0,10.0,10.0,5.0
KTN,30578,55.35559845,-131.7140045,89,-8,-9,America/Anchorage,United States,Ketchikan,USW00025325,0.6020246813546795,8.0,8.0,8.0,8.0,9.0,8.0,4.0
YAK,9652,59.50329971,-139.6600037,33,-8,-9,America/Anchorage,United States,Yakutat,USW00025382,1.533754683911067,46.0,46.0,46.0,46.0,46.0,45.0,0.098
CDV,9652,60.4917984,-145.4779968,54,-8,-9,America/Anchorage,United States,Cordova,USW00026410,1.9530535002304648,8.0,8.0,8.0,9.0,9.0,9.0,4.0
SIT,16812,57.04710007,-135.3619995,21,-8,-9,America/Anchorage,United States,Sitka,USW00025379,2.435240188633282,46.0,46.0,46.0,46.0,46.0,46.0,0.098
WRG,9664,56.48429871,-132.3699951,49,-8,-9,America/Anchorage,United States,Wrangell,USW00025338,1.6319862553485187,6.0,6.0,6.0,6.0,6.0,9.0,4.0
PSG,9665,56.80170059,-132.9450073,111,-8,-9,America/Anchorage,United States,Petersburg,USW00025329,0.6450146567522987,8.0,7.0,9.0,9.0,9.0,8.0,4.0
OME,8742,64.5121994,-165.4450073,37,-8,-9,America/Anchorage,United States,Nome,USW00026617,0.2699542578290723,11.0,11.0,10.0,10.0,10.0,11.0,5.0
OTZ,8742,66.88469696,-162.598999,14,-8,-9,America/Anchorage,United States,Kotzebue,USW00026616,0.352205430064934,9.0,9.0,9.0,10.0,9.0,10.0,5.0
ADK,1392,51.87799835,-176.6459961,18,-9,-10,America/Adak,United States,Adak Island,USW00025704,0.6511411617019744,10.0,10.0,10.0,9.0,9.0,10.0,6.0
CSG,17706,32.5163002,-84.93890381,397,-4,-5,America/New_York,United States,Columbus,USW00093842,0.3099068821864434,8.0,7.0,8.0,8.0,7.0,7.0,3.0
BQK,12015,31.25880051,-81.46649933,26,-4,-5,America/New_York,United States,Brunswick,USW00053883,0.0396016210856608,15.0,15.0,16.0,16.0,16.0,15.0,7.0
VLD,12821,30.78249931,-83.27670288,203,-4,-5,America/New_York,United States,Valdosta,USW00093845,0.7274871404448149,8.0,8.0,8.0,8.0,8.0,8.0,4.0
ABY,12204,31.53549957,-84.19450378,197,-4,-5,America/New_York,United States,Albany,USW00013869,0.15849462349512827,8.0,7.0,7.0,7.0,7.0,7.0,3.0
BFF,8493,41.87400055,-103.5960007,3967,-6,-7,America/Denver,United States,Scottsbluff,USW00024028,0.4303808834226814,9.0,9.0,9.0,9.0,9.0,9.0,4.0
PSE,9543,18.00830078,-66.56300354,29,-4,-4,America/Puerto_Rico,Puerto Rico,Ponce,,,,,,,,,
ORH,16389,42.26729965,-71.8757019,1009,-4,-5,America/New_York,United States,Worcester,USW00094746,0.42482074620229443,9.0,9.0,8.0,8.0,8.0,4.0,0.119
SPS,13336,33.9888,-98.491898,1019,-5,-6,America/Chicago,United States,Wichita Falls,USW00013966,1.1359783737049576,8.0,8.0,8.0,7.0,7.0,8.0,4.0
ABI,25692,32.41130066,-99.68190002,1791,-5,-6,America/Chicago,United States,Abilene,USW00013962,0.0776990085025557,8.0,8.0,8.0,8.0,8.0,8.0,4.0
GGG,10675,32.38399887,-94.71150208,365,-5,-6,America/Chicago,United States,Longview,USW00003901,0.7872286521550956,7.0,7.0,7.0,7.0,7.0,7.0,4.0
GCK,9544,37.92750168,-100.723999,2891,-5,-6,America/Chicago,United States,Garden City,USW00023064,0.6220098657366783,7.0,7.0,7.0,7.0,6.0,7.0,3.0
ALO,8451,42.55709839,-92.40029907,873,-5,-6,America/Chicago,United States,Waterloo,USW00094910,0.3130875829901477,9.0,9.0,9.0,9.0,9.0,9.0,5.0
SPN,6016,15.119,145.729004,215,10,10,Pacific/Saipan,Northern Mariana Islands,Saipan,CQW00041418,1.346836523729887,7.0,7.0,6.0,6.0,7.0,7.0,3.0
ROP,302,14.17430019,145.2429962,607,10,10,Pacific/Saipan,Northern Mariana Islands,Rota,,,,,,,,,
HTS,17497,38.36669922,-82.55799866,828,-4,-5,America/New_York,United States,Huntington,USW00003860,0.3274616785986566,10.0,9.0,9.0,10.0,10.0,9.0,5.0
PGV,13936,35.6352005,-77.38529968,26,-4,-5,America/New_York,United States,Greenville,USW00013783,0.2779767183371245,14.0,14.0,14.0,15.0,15.0,15.0,
EWN,25070,35.07300186,-77.04290009,18,-4,-5,America/New_York,United States,New Bern,USW00093719,0.6869044489993016,9.0,8.0,8.0,8.0,8.0,8.0,4.0
ART,8990,43.9919014,-76.021698,325,-4,-5,America/New_York,United States,Watertown,USW00094790,0.5091742521099605,9.0,8.0,9.0,8.0,8.0,8.0,4.0
SBY,21252,38.34049988,-75.51029968,52,-4,-5,America/New_York,United States,Salisbury,USW00093720,0.264408927856441,8.0,8.0,8.0,8.0,8.0,8.0,4.0
IPT,4199,41.2417984,-76.9210968,529,-4,-5,America/New_York,United States,Williamsport,USW00014778,0.1531421934382213,9.0,9.0,8.0,9.0,8.0,8.0,0.128
FLO,12007,34.1853981,-79.72389984,146,-4,-5,America/New_York,United States,Florence,USW00013744,0.6896191664552751,8.0,7.0,8.0,8.0,7.0,7.0,0.111
HHH,29804,32.22439957,-80.69750214,19,-4,-5,America/New_York,United States,Hilton Head Island,USW00063837,0.8856837245959942,9.0,9.0,9.0,9.0,9.0,9.0,4.0
SFB,127847,28.77759933,-81.23750305,55,-4,-5,America/New_York,United States,Sanford,USW00012854,0.6279023775846152,7.0,7.0,7.0,7.0,7.0,7.0,3.0
PIE,102670,27.91020012,-82.68740082,11,-4,-5,America/New_York,United States,St. Petersburg,USW00092828,10.249682321996612,14.0,15.0,15.0,15.0,15.0,15.0,7.0
BLV,14811,38.5452,-89.835197,459,-5,-6,America/Chicago,United States,Belleville,USW00013802,1.3961334364039752,12.0,12.0,12.0,12.0,7.0,7.0,3.0
HGR,2635,39.707901,-77.72949982,703,-4,-5,America/New_York,United States,Hagerstown,USW00093706,0.21141008341056297,8.0,7.0,7.0,7.0,7.0,8.0,4.0
RFD,9934,42.19540024,-89.09719849,742,-5,-6,America/Chicago,United States,Rockford,USW00094822,0.3976339724010521,8.0,8.0,8.0,8.0,8.0,8.0,4.0
OWB,1087,37.74010086,-87.16680145,407,-5,-6,America/Chicago,United States,Owensboro,USW00053803,1.0987583405974388,7.0,7.0,7.0,7.0,7.0,7.0,3.0
PGD,77157,26.92020035,-81.9905014,26,-4,-5,America/New_York,United States,Punta Gorda,USW00012812,0.39785568457441767,7.0,7.0,7.0,7.0,8.0,7.0,3.0
USA,13737,35.387798,-80.709099,705,-4,-5,America/New_York,United States,Concord,USW00063801,0.27257646375780575,8.0,6.0,8.0,8.0,8.0,8.0,4.0
LCK,14081,39.813801,-82.927803,744,-4,-5,America/New_York,United States,Columbus,USW00013812,0.5702095225219704,15.0,14.0,5.0,5.0,5.0,5.0,2.0
AZA,75194,33.30780029,-111.6549988,1382,-7,-7,America/Phoenix,United States,Mesa,USW00023104,2.491558809451049,7.0,7.0,7.0,7.0,7.0,9.0,4.0
OGD,919,41.19589996,-112.012001,4473,-6,-7,America/Denver,United States,Ogden,USW00024101,9.582409873989487,8.0,8.0,7.0,7.0,7.0,7.0,4.0
PVU,15000,40.21920013,-111.7229996,4497,-6,-7,America/Denver,United States,Provo,,,,,,,,,
YNG,4,41.26070023,-80.67910004,1192,-4,-5,America/New_York,United States,Youngstown,USW00014852,0.8102631575718681,9.0,9.0,9.0,9.0,9.0,9.0,4.0
SCK,9285,37.89419937,-121.237999,33,-7,-8,America/Los_Angeles,United States,Stockton,USW00023237,1.1216885071192828,7.0,7.0,7.0,7.0,7.0,7.0,4.0
SMX,2330,34.89889908,-120.4570007,261,-7,-8,America/Los_Angeles,United States,Santa Maria,USW00023273,0.6814011281458737,8.0,9.0,9.0,9.0,8.0,9.0,4.0
PSM,4665,43.07789993,-70.82330322,100,-4,-5,America/New_York,United States,Portsmouth,,,,,,,,,
OGS,4422,44.68190002,-75.46549988,297,-4,-5,America/New_York,United States,Ogdensburg,USI0000KOGS,9.769977875374163e-06,13.0,14.0,14.0,14.0,14.0,14.0,7.0
STC,1824,45.54660034,-94.05989838,1031,-5,-6,America/Chicago,United States,Saint Cloud,USW00014926,0.693611552429713,8.0,8.0,8.0,8.0,8.0,8.0,0.126
TXK,14286,33.45370102,-93.99099731,390,-5,-6,America/Chicago,United States,Texarkana,USW00013977,0.39894638946950334,7.0,7.0,8.0,7.0,7.0,7.0,3.0
LBF,8591,41.12620163,-100.6839981,2777,-5,-6,America/Chicago,United States,North Platte,USW00024023,1.3549102219864366,10.0,10.0,9.0,10.0,9.0,10.0,4.0
LBL,7983,37.0442009,-100.9599991,2885,-5,-6,America/Chicago,United States,Liberal,,,,,,,,,
LWB,6033,37.85829926,-80.39949799,2302,-4,-5,America/New_York,United States,Lewisburg,USW00053801,0.9334765299067164,15.0,14.0,11.0,11.0,11.0,10.0,5.0
SHD,6760,38.26380157,-78.89640045,1201,-4,-5,America/New_York,United States,Weyers Cave,USW00093760,0.0223746014828485,15.0,15.0,15.0,15.0,15.0,15.0,7.0
SLN,9949,38.79100037,-97.65219879,1288,-5,-6,America/Chicago,United States,Salina,USW00003919,1.3965711583681018,7.0,7.0,7.0,7.0,6.0,6.0,3.0
CNY,7427,38.75500107,-109.7549973,4557,-6,-7,America/Denver,United States,Moab,,,,,,,,,
ACK,21718,41.25310135,-70.06020355,47,-4,-5,America/New_York,United States,Nantucket,USW00014756,0.16377972029275994,8.0,8.0,8.0,8.0,8.0,8.0,0.108
WYS,4056,44.68840027,-111.1179962,6649,-6,-7,America/Denver,United States,West Yellowstone,USW00094163,0.5760107146025603,16.0,15.0,13.0,8.0,7.0,7.0,2.0
MVY,11026,41.39310074,-70.61430359,67,-4,-5,America/New_York,United States,Vineyard Haven MA,USW00094724,0.1251497762726164,9.0,9.0,9.0,8.0,8.0,9.0,4.0
HYA,1808,41.66930008,-70.28040314,54,-4,-5,America/New_York,United States,Barnstable,USW00094720,0.9369311216568118,8.0,8.0,8.0,8.0,8.0,8.0,4.0
VEL,6677,40.4408989,-109.5100021,5278,-6,-7,America/Denver,United States,Vernal,USW00094030,0.340715417158898,6.0,7.0,6.0,6.0,6.0,7.0,3.0
BKG,967,36.532082,-93.200544,1302,-5,-6,America/Chicago,United States,Branson,USW00000207,0.123023384776482,8.0,9.0,9.0,9.0,9.0,9.0,4.0
GST,1224,58.4253006,-135.7070007,35,-8,-9,America/Anchorage,United States,Gustavus,USW00025380,1.0841067419757082,46.0,46.0,45.0,43.0,45.0,41.0,0.087
AKN,4440,58.67679977,-156.6490021,73,-8,-9,America/Anchorage,United States,King Salmon,USW00025503,1.1734412191870662,9.0,8.0,9.0,9.0,9.0,8.0,4.0
DLG,4280,59.04470062,-158.5050049,81,-8,-9,America/Anchorage,United States,Dillingham,USW00025513,0.8939093092258428,7.0,6.0,7.0,7.0,7.0,7.0,3.0
PQI,7248,46.68899918,-68.0447998,534,-4,-5,America/New_York,United States,Presque Isle,USW00014604,0.7480913243270547,8.0,8.0,7.0,8.0,8.0,8.0,3.0
PRC,8929,34.65449905,-112.4199982,5045,-7,-7,America/Phoenix,United States,Prescott,,,,,,,,,
EAR,6277,40.726667,-99.009167,650,-5,-6,America/Chicago,United States,Kearney,USW00014905,1.0687674257749977,7.0,7.0,7.0,7.0,6.0,6.0,3.0
CYS,4797,41.15570068,-104.8119965,6159,-6,-7,America/Denver,United States,Cheyenne,USW00024018,0.6504882938630278,17.0,17.0,16.0,15.0,14.0,15.0,4.0
DRT,5632,29.37420082,-100.927002,1002,-5,-6,America/Chicago,United States,Del Rio,USW00022010,0.4544691992590953,8.0,8.0,8.0,8.0,7.0,8.0,4.0
PAE,44553,47.90629959,-122.2819977,606,-7,-8,America/Los_Angeles,United States,Everett,USW00024222,1.8920478098329327,8.0,8.0,8.0,8.0,8.0,8.0,3.0
PIR,3727,44.38270187,-100.2860031,1744,-5,-6,America/Chicago,United States,Pierre,USW00024025,0.0945506231816184,8.0,8.0,7.0,7.0,7.0,8.0,4.0
ATY,3497,44.91400146,-97.15470123,1749,-5,-6,America/Chicago,United States,Watertown,USW00014946,1.146200003443223,8.0,9.0,7.0,8.0,8.0,8.0,4.0
BFM,409,30.62680054,-88.06809998,26,-5,-6,America/Chicago,United States,Mobile,USW00013838,1.424587742012288,8.0,7.0,8.0,8.0,7.0,7.0,0.109
XWA,13775,48.259722,-103.750556,604,-5,-6,America/Chicago,United States,Williston,,,,,,,,,
SHR,5883,44.76919937,-106.9800034,4021,-6,-7,America/Denver,United States,Sheridan,USW00024029,1.09047621074137,8.0,8.0,8.0,8.0,8.0,8.0,4.0
RIW,4575,43.06420136,-108.4599991,5525,-6,-7,America/Denver,United States,Riverton WY,USW00024061,1.41688328833252,7.0,7.0,6.0,7.0,6.0,7.0,0.11
DDC,5581,37.76340103,-99.96559906,2594,-5,-6,America/Chicago,United States,Dodge City,USW00013985,0.4098117379923504,10.0,10.0,10.0,9.0,9.0,9.0,4.0
DEC,7410,39.83459854,-88.86569977,682,-5,-6,America/Chicago,United States,Decatur,USW00003887,0.677920557443275,7.0,7.0,7.0,7.0,7.0,7.0,3.0
CDB,524,55.20610046,-162.7250061,96,-8,-9,America/Anchorage,United States,Cold Bay,USW00025624,1.677892578391426,11.0,11.0,11.0,12.0,11.0,12.0,5.0
ALS,1982,37.434898,-105.866997,7539,-6,-7,America/Denver,United States,Alamosa,USW00023061,0.6851385868312135,8.0,9.0,8.0,9.0,9.0,9.0,4.0
VCT,4729,28.8526001,-96.91850281,115,-5,-6,America/Chicago,United States,Victoria,USW00012912,1.5691985555138863,9.0,9.0,9.0,10.0,9.0,9.0,0.134
JST,5327,40.31610107,-78.83390045,2284,-4,-5,America/New_York,United States,Johnstown,USW00004726,0.2905167016591951,10.0,9.0,9.0,9.0,9.0,9.0,5.0
ILG,330,39.67869949,-75.60649872,80,-4,-5,America/New_York,United States,Wilmington,USW00013781,0.4835527416658954,9.0,8.0,9.0,8.0,9.0,8.0,4.0
FOD,4174,42.55149841,-94.19259644,1156,-5,-6,America/Chicago,United States,Fort Dodge,USW00094933,0.7814720797915254,7.0,7.0,7.0,7.0,7.0,7.0,3.0
MCW,4176,43.15779877,-93.33129883,1213,-5,-6,America/Chicago,United States,Mason City,USW00014940,0.5668946841792031,8.0,8.0,7.0,7.0,7.0,7.0,3.0
TBN,1262,37.74160004,-92.14070129,1159,-5,-6,America/Chicago,United States,Fort Leonardwood,USW00003938,1.2413204149682997,8.0,8.0,9.0,8.0,8.0,7.0,4.0
BIH,1700,37.37310028,-118.3639984,4124,-7,-8,America/Los_Angeles,United States,Bishop,USW00023157,0.503212873689753,6.0,7.0,7.0,7.0,6.0,7.0,3.0
